epoch,train_loss,train_acc,val_loss,val_acc,val_macro_f1,lr,seconds
1,1.5579766503402166,0.29910714285714285,1.408686932347027,0.5019404915912031,0.23850138355827322,0.0014130567959398993,1.2273635864257812
2,1.1663306025522095,0.5845424107142857,0.9047561062137116,0.7309184993531694,0.40830096647369596,0.0038259715252796185,0.30224061012268066
3,0.698010727763176,0.7622767857142857,0.5472642441982963,0.8253557567917206,0.49518274351196495,0.004999994603598148,0.299685001373291
4,0.4589614612715585,0.8529575892857143,0.4306962913442206,0.8382923673997412,0.5018091790584149,0.004982487568121356,0.315091609954834
5,0.34660888755960123,0.8881138392857143,0.3844292883955473,0.8538163001293662,0.5128671943711521,0.004931409282185989,0.29393768310546875
6,0.2721844698701586,0.9168526785714286,0.35657981440996633,0.8589909443725744,0.5172589801591195,0.004847450491985345,0.2915830612182617
7,0.21917251497507095,0.9302455357142857,0.34965059627106,0.8589909443725744,0.5163002998123951,0.004731746596126936,0.31547093391418457
8,0.16947968530335597,0.9481026785714286,0.3444827754601469,0.8628719275549805,0.5191947202450876,0.004585862291314079,0.2936360836029053
9,0.13179889294717992,0.9623325892857143,0.344839476416469,0.8654592496765847,0.5646086024210406,0.004411770412507193,0.3710463047027588
10,0.10388315708509513,0.9754464285714286,0.3443003738474997,0.8667529107373868,0.5654090601757945,0.00421182525371533,0.36298513412475586
11,0.08362525934353471,0.9840959821428571,0.34921214722876714,0.8667529107373868,0.5654895995460822,0.00398873073020845,0.3388490676879883
12,0.0669715968625886,0.9891183035714286,0.35201780541008054,0.8641655886157826,0.5640081475627416,0.003745503812701923,0.34302401542663574
13,0.052300941165802736,0.9921875,0.3591826652687076,0.869340232858991,0.5671115763565281,0.00348543372800317,0.38828086853027344
14,0.04443492241469877,0.9946986607142857,0.36709429791089054,0.8628719275549805,0.563329993214412,0.003212037477861699,0.3358285427093506
15,0.03687275949466441,0.9955357142857143,0.37206487499283747,0.8641655886157826,0.563788342878185,0.002929012277553814,0.3451967239379883
