id,true,pred,confidence,p_true,p_kitaifa,p_michezo,p_biashara,p_kimataifa,p_burudani
SW100,michezo,michezo,0.9405331,0.9405331,0.055607706,0.9405331,0.0013154532,0.0014532328,0.0010905489
SW1000,kitaifa,kitaifa,0.95715415,0.95715415,0.95715415,0.0055325236,0.0024146216,0.033381686,0.0015169455
SW1003,biashara,biashara,0.9949071,0.9949071,0.0016866876,0.0020325477,0.9949071,0.00044128968,0.0009323874
SW1015,kitaifa,kitaifa,0.9722855,0.9722855,0.9722855,0.0015037616,0.023707284,0.001970875,0.0005325299
SW103,kitaifa,kitaifa,0.98628587,0.98628587,0.98628587,0.0023214417,0.008718355,0.0022544174,0.0004198858
SW1042,kitaifa,kitaifa,0.99004716,0.99004716,0.99004716,0.0041158376,0.0013860577,0.0039044155,0.00054651115
SW1051,biashara,biashara,0.96789664,0.96789664,0.028662626,0.0018521298,0.96789664,0.0009106245,0.00067804166
SW1053,kitaifa,kitaifa,0.9822397,0.9822397,0.9822397,0.0061343717,0.0013057643,0.009491718,0.0008283748
SW1063,biashara,biashara,0.9963325,0.9963325,0.0011207992,0.0010937672,0.9963325,0.0005372404,0.00091566343
SW1071,kitaifa,kitaifa,0.9835427,0.9835427,0.9835427,0.00835696,0.0020690686,0.0051636794,0.0008675848
SW1085,kitaifa,kitaifa,0.9885162,0.9885162,0.9885162,0.0045755035,0.0045332513,0.001912016,0.0004631008
SW1087,biashara,kitaifa,0.91136104,0.08313018,0.91136104,0.0017835594,0.08313018,0.003164051,0.00056122185
SW1088,kitaifa,biashara,0.811796,0.18043,0.18043,0.002982625,0.811796,0.0034029398,0.0013884046
SW1090,kitaifa,kitaifa,0.9743201,0.9743201,0.9743201,0.002327118,0.020449745,0.002410386,0.0004925773
SW1091,biashara,biashara,0.99590343,0.99590343,0.0013487227,0.0010826715,0.99590343,0.0005909421,0.0010742459
SW1092,kitaifa,kitaifa,0.9873926,0.9873926,0.9873926,0.0018029129,0.008715362,0.0015740651,0.0005150321
SW1095,michezo,michezo,0.9885449,0.9885449,0.008693638,0.9885449,0.0010385605,0.00085013534,0.00087284914
SW1102,michezo,michezo,0.9928457,0.9928457,0.004350442,0.9928457,0.00070234475,0.0009703594,0.0011311463
SW1109,michezo,michezo,0.99340993,0.99340993,0.0035688279,0.99340993,0.00072717865,0.0010315126,0.0012626019
SW1121,michezo,michezo,0.9540201,0.9540201,0.042535253,0.9540201,0.0010190674,0.0012388708,0.0011867656
SW1136,kitaifa,kimataifa,0.8103302,0.1776586,0.1776586,0.006408326,0.0018649291,0.8103302,0.0037379435
SW1141,biashara,biashara,0.99527174,0.99527174,0.0019373414,0.001286144,0.99527174,0.00057016587,0.00093455263
SW1158,kitaifa,kitaifa,0.988272,0.988272,0.988272,0.0021915955,0.0037134956,0.005374161,0.0004487418
SW1165,biashara,biashara,0.93357706,0.93357706,0.061877478,0.0022582936,0.93357706,0.0013845174,0.000902684
SW117,michezo,michezo,0.9712243,0.9712243,0.025731042,0.9712243,0.00064921624,0.0013478077,0.0010476254
SW1174,kitaifa,kitaifa,0.59618574,0.59618574,0.59618574,0.0026447685,0.39714536,0.0028821053,0.0011419528
SW1202,michezo,michezo,0.9484912,0.9484912,0.047686014,0.9484912,0.0010933513,0.001376737,0.0013527481
SW1211,michezo,michezo,0.9654567,0.9654567,0.03112561,0.9654567,0.0009688014,0.0014571864,0.0009917758
SW1219,kitaifa,kitaifa,0.9795354,0.9795354,0.9795354,0.003312242,0.012234575,0.004424583,0.0004932833
SW1226,kitaifa,kitaifa,0.63134104,0.63134104,0.63134104,0.003378316,0.36043054,0.003495782,0.0013543409
SW1246,michezo,michezo,0.9909059,0.9909059,0.0040122103,0.9909059,0.0012040958,0.0022716231,0.0016061097
SW1250,kitaifa,michezo,0.9634726,0.033389427,0.033389427,0.9634726,0.000776854,0.0013943915,0.0009668104
SW1278,biashara,biashara,0.9953571,0.9953571,0.0019243081,0.0013786025,0.9953571,0.0005151461,0.0008248106
SW1304,kitaifa,kitaifa,0.9856877,0.9856877,0.9856877,0.0069492073,0.0013401125,0.00531061,0.0007124238
SW1311,michezo,michezo,0.96737534,0.96737534,0.029441318,0.96737534,0.00063537597,0.0015226998,0.0010252917
SW1312,michezo,michezo,0.970992,0.970992,0.025674693,0.970992,0.00060028327,0.0017471848,0.0009858414
SW137,biashara,kitaifa,0.86109656,0.13257027,0.86109656,0.0029633832,0.13257027,0.002532242,0.00083749485
SW1373,kitaifa,kitaifa,0.9024259,0.9024259,0.9024259,0.0046757576,0.089877345,0.0022108296,0.0008101479
SW1384,michezo,michezo,0.9663992,0.9663992,0.030374883,0.9663992,0.000694402,0.0014830264,0.0010485468
SW1391,biashara,biashara,0.99606055,0.99606055,0.001728688,0.0008253935,0.99606055,0.0005695044,0.00081577734
SW1405,biashara,biashara,0.9956462,0.9956462,0.001099437,0.0013222945,0.9956462,0.00079654844,0.0011354451
SW1406,michezo,michezo,0.9535713,0.9535713,0.043058425,0.9535713,0.0008746545,0.0015083186,0.0009872493
SW1409,kitaifa,kitaifa,0.9092662,0.9092662,0.9092662,0.003416626,0.0849889,0.0017012919,0.0006270939
SW141,michezo,michezo,0.97404253,0.97404253,0.02299694,0.97404253,0.00065237295,0.0013663174,0.00094181043
SW1419,michezo,michezo,0.99337417,0.99337417,0.0036712107,0.99337417,0.0007680261,0.0009842407,0.0012023891
SW1420,biashara,kitaifa,0.49697104,0.49310356,0.49697104,0.0037685707,0.49310356,0.004782565,0.0013742482
SW1455,biashara,biashara,0.9961145,0.9961145,0.0015093434,0.0010103609,0.9961145,0.00053712283,0.0008286688
SW1457,kitaifa,kitaifa,0.9860075,0.9860075,0.9860075,0.007922363,0.0021069185,0.0032001422,0.00076307537
SW1459,michezo,michezo,0.99325186,0.99325186,0.003820248,0.99325186,0.000690389,0.0009947482,0.0012428294
SW1478,kitaifa,kitaifa,0.9809075,0.9809075,0.9809075,0.0021042242,0.014796437,0.0016133648,0.0005786435
SW1486,biashara,biashara,0.9874816,0.9874816,0.010145527,0.0010354192,0.9874816,0.00065366866,0.0006837023
SW1487,biashara,biashara,0.9955308,0.9955308,0.0018911078,0.00095416437,0.9955308,0.0007223543,0.00090162206
SW1507,biashara,biashara,0.9959709,0.9959709,0.0016860196,0.0010311464,0.9959709,0.0005025406,0.0008093561
SW1512,biashara,biashara,0.9954531,0.9954531,0.0024458899,0.00087723386,0.9954531,0.00050919363,0.0007145804
SW1517,michezo,michezo,0.9931409,0.9931409,0.0038832913,0.9931409,0.0007953204,0.0009630942,0.0012174653
SW1520,michezo,michezo,0.99322414,0.99322414,0.0038038543,0.99322414,0.00077924156,0.0009976389,0.0011951838
SW1529,michezo,michezo,0.9376301,0.9376301,0.05866663,0.9376301,0.0010233106,0.0015316772,0.0011482941
SW1544,kitaifa,kitaifa,0.89345443,0.89345443,0.89345443,0.0027214098,0.10162273,0.0015073146,0.00069415435
SW1545,michezo,michezo,0.9747328,0.9747328,0.022283426,0.9747328,0.00062905304,0.0012719636,0.0010826687
SW1550,kitaifa,kitaifa,0.98772895,0.98772895,0.98772895,0.002233593,0.008415098,0.0011816275,0.0004406804
SW1552,kitaifa,kitaifa,0.98117495,0.98117495,0.98117495,0.009758064,0.0021505076,0.005984312,0.000932176
SW1586,biashara,biashara,0.9891178,0.9891178,0.0054821693,0.0026717961,0.9891178,0.0011313095,0.0015969612
SW1588,kitaifa,kitaifa,0.9911424,0.9911424,0.9911424,0.0027514815,0.0038575416,0.0018062287,0.00044220334
SW1593,michezo,michezo,0.96870184,0.96870184,0.02815911,0.96870184,0.0008153635,0.0013535282,0.0009701611
SW160,michezo,michezo,0.98203206,0.98203206,0.014530429,0.98203206,0.0013080405,0.0009384732,0.0011909844
SW1600,kitaifa,kitaifa,0.9793027,0.9793027,0.9793027,0.0018287591,0.016965413,0.001424239,0.00047892754
SW1601,michezo,michezo,0.96596354,0.96596354,0.030839311,0.96596354,0.0009617668,0.0013068992,0.0009285421
SW1602,michezo,michezo,0.99291927,0.99291927,0.0045225606,0.99291927,0.00064518524,0.0008758559,0.0010370618
SW1603,michezo,michezo,0.9731997,0.9731997,0.023915688,0.9731997,0.0006764512,0.0012248948,0.0009832699
SW1605,biashara,biashara,0.9956468,0.9956468,0.001681361,0.0009913212,0.9956468,0.00069884514,0.0009816875
SW161,kitaifa,kitaifa,0.8459836,0.8459836,0.8459836,0.0024277973,0.14874282,0.002163549,0.0006821219
SW1618,kitaifa,kitaifa,0.95399284,0.95399284,0.95399284,0.0023371622,0.04175211,0.0013659198,0.00055188144
SW1626,kitaifa,kitaifa,0.80608493,0.80608493,0.80608493,0.18484782,0.004472078,0.0025012698,0.0020939747
SW1643,michezo,michezo,0.94971687,0.94971687,0.046641562,0.94971687,0.0008848371,0.0015913176,0.0011653703
SW1660,michezo,michezo,0.97165525,0.97165525,0.025170704,0.97165525,0.0006065882,0.001502787,0.0010645954
SW1664,michezo,michezo,0.9575272,0.9575272,0.03917603,0.9575272,0.00085626356,0.001383083,0.0010573443
SW1668,biashara,biashara,0.9963103,0.9963103,0.0015575613,0.0009210239,0.9963103,0.00047317735,0.0007378985
SW1674,kitaifa,kitaifa,0.95210576,0.95210576,0.95210576,0.017122025,0.025983972,0.0033872023,0.0014010078
SW1678,michezo,michezo,0.82453746,0.82453746,0.16948955,0.82453746,0.0013561725,0.003083161,0.0015337461
SW1687,biashara,biashara,0.9888176,0.9888176,0.0071300613,0.001772323,0.9888176,0.0011623178,0.0011177901
SW1688,kitaifa,kitaifa,0.96688664,0.96688664,0.96688664,0.004724644,0.023575643,0.003774179,0.0010388806
SW170,michezo,michezo,0.9930856,0.9930856,0.0039615957,0.9930856,0.0008457407,0.00087771524,0.0012293444
SW1709,kitaifa,kitaifa,0.9773867,0.9773867,0.9773867,0.0020461031,0.015980305,0.003658275,0.0009285769
SW1718,kitaifa,kitaifa,0.9872147,0.9872147,0.9872147,0.0048075155,0.0015075903,0.0057636844,0.00070659333
SW1720,michezo,michezo,0.93643343,0.93643343,0.058363333,0.93643343,0.00074479944,0.0023053729,0.002153045
SW1734,michezo,michezo,0.9546647,0.9546647,0.041822333,0.9546647,0.0011177973,0.0014793957,0.0009158904
SW1750,kitaifa,kitaifa,0.98810893,0.98810893,0.98810893,0.004458953,0.0048519787,0.0020107895,0.00056938897
SW1756,burudani,kitaifa,0.69949937,0.098483115,0.69949937,0.022639606,0.02590579,0.15347217,0.098483115
SW1757,michezo,michezo,0.96802384,0.96802384,0.028863028,0.96802384,0.0008673425,0.0013225392,0.0009232812
SW1774,biashara,biashara,0.9964335,0.9964335,0.0013324174,0.00090420386,0.9964335,0.00051772164,0.0008121078
SW1779,biashara,biashara,0.99679,0.99679,0.0009866612,0.0008861664,0.99679,0.0004990399,0.0008381866
SW178,michezo,michezo,0.95593995,0.95593995,0.040669095,0.95593995,0.0010151525,0.0014052766,0.0009705591
SW1780,kitaifa,biashara,0.8610893,0.13205233,0.13205233,0.003390878,0.8610893,0.002197884,0.0012695558
SW1792,biashara,biashara,0.9281616,0.9281616,0.067630924,0.0020825574,0.9281616,0.0011411471,0.0009837303
SW181,kitaifa,michezo,0.9807746,0.016411964,0.016411964,0.9807746,0.00072144356,0.0011710186,0.0009209399
SW1817,biashara,biashara,0.99591124,0.99591124,0.001451225,0.0008473192,0.99591124,0.0007325779,0.0010575997
SW1824,biashara,biashara,0.99599314,0.99599314,0.0011116982,0.001297171,0.99599314,0.00063404546,0.0009639756
SW1826,biashara,biashara,0.9961773,0.9961773,0.0014759131,0.00087189145,0.9961773,0.0005466824,0.0009281236
SW1827,biashara,biashara,0.9946115,0.9946115,0.0011353734,0.0021799575,0.9946115,0.0007841495,0.0012890617
SW184,kitaifa,kitaifa,0.5981487,0.5981487,0.5981487,0.0027699783,0.39535215,0.0024733122,0.001255864
SW1842,kitaifa,kitaifa,0.75814784,0.75814784,0.75814784,0.003181159,0.23578246,0.001886616,0.0010019741
SW1848,biashara,biashara,0.97078216,0.97078216,0.018906455,0.004169961,0.97078216,0.0024973033,0.0036442156
SW185,biashara,biashara,0.99483156,0.99483156,0.0028689343,0.0009818419,0.99483156,0.0005880047,0.000729643
SW1864,kitaifa,kitaifa,0.984937,0.984937,0.984937,0.00680047,0.005085862,0.002460563,0.00071606465
SW1881,michezo,michezo,0.98868597,0.98868597,0.0084831,0.98868597,0.0010581615,0.00090068486,0.0008721217
SW1896,kitaifa,kitaifa,0.9925989,0.9925989,0.9925989,0.002812618,0.0018177369,0.0022844102,0.000486379
SW1902,biashara,biashara,0.99619544,0.99619544,0.001191756,0.00093359477,0.99619544,0.0006498475,0.0010293664
SW1911,kitaifa,kitaifa,0.9825371,0.9825371,0.9825371,0.0030221196,0.011735846,0.0022834444,0.00042157056
SW1914,biashara,biashara,0.99631315,0.99631315,0.0015867355,0.0009228271,0.99631315,0.0004649338,0.00071240944
SW1923,michezo,michezo,0.9931578,0.9931578,0.0040916414,0.9931578,0.0006730165,0.00096029317,0.001117228
SW1925,kitaifa,kitaifa,0.99302834,0.99302834,0.99302834,0.0025808597,0.0015799605,0.00237296,0.0004378831
SW1927,kitaifa,kitaifa,0.95359564,0.95359564,0.95359564,0.0057708407,0.03661559,0.0031652495,0.0008527477
SW193,michezo,michezo,0.97030985,0.97030985,0.02662664,0.97030985,0.00077023753,0.0012587945,0.0010344455
SW1936,michezo,michezo,0.9758411,0.9758411,0.021224894,0.9758411,0.0007011865,0.0011731201,0.0010598256
SW1942,michezo,michezo,0.9876605,0.9876605,0.009467626,0.9876605,0.00096906966,0.00083539035,0.0010674375
SW1946,kitaifa,kitaifa,0.9876637,0.9876637,0.9876637,0.006497493,0.0025135837,0.002739148,0.0005860529
SW1947,kitaifa,biashara,0.73438925,0.2567898,0.2567898,0.004735531,0.73438925,0.0027167322,0.0013687295
SW1960,biashara,biashara,0.9963218,0.9963218,0.001104489,0.0010852438,0.9963218,0.0005278736,0.0009605343
SW1965,michezo,michezo,0.950145,0.950145,0.04620912,0.950145,0.0011103346,0.0015206147,0.0010149281
SW1972,michezo,michezo,0.96528226,0.96528226,0.031548377,0.96528226,0.00076924555,0.0013929238,0.0010072121
SW198,kitaifa,kitaifa,0.9851335,0.9851335,0.9851335,0.00877754,0.0013631107,0.004200727,0.0005250131
SW1993,michezo,michezo,0.9842753,0.9842753,0.012821011,0.9842753,0.0010381221,0.00089229917,0.0009733226
SW20,kitaifa,kitaifa,0.9315236,0.9315236,0.9315236,0.0035346097,0.06192253,0.002389302,0.0006300182
SW2004,kitaifa,kitaifa,0.9103679,0.9103679,0.9103679,0.0020109643,0.08550839,0.0014204279,0.0006922613
SW201,kitaifa,kitaifa,0.9219771,0.9219771,0.9219771,0.0027566617,0.07242671,0.002130183,0.0007093534
SW2013,michezo,michezo,0.9757893,0.9757893,0.021161681,0.9757893,0.0007248204,0.0011950268,0.0011292208
SW2017,kitaifa,kitaifa,0.79364234,0.79364234,0.79364234,0.0032087797,0.20027266,0.001959573,0.0009166413
SW2018,michezo,michezo,0.9934191,0.9934191,0.0035083878,0.9934191,0.0008025661,0.0009401292,0.0013296845
SW2024,kitaifa,kitaifa,0.98120844,0.98120844,0.98120844,0.008201861,0.002480143,0.0068478943,0.0012617946
SW2028,biashara,kitaifa,0.9100132,0.0849757,0.9100132,0.0026500856,0.0849757,0.001673021,0.0006879488
SW2031,kitaifa,kitaifa,0.992401,0.992401,0.992401,0.0028244422,0.0013141291,0.003034626,0.0004258028
SW2045,biashara,kitaifa,0.7607481,0.23292315,0.7607481,0.003001602,0.23292315,0.0023059072,0.0010212435
SW206,biashara,biashara,0.9966748,0.9966748,0.0011934944,0.0009141907,0.9966748,0.0004632893,0.00075419905
SW2077,kitaifa,kitaifa,0.7410313,0.7410313,0.7410313,0.0031367873,0.25311,0.0017838001,0.0009381624
SW2079,kitaifa,kitaifa,0.991197,0.991197,0.991197,0.0034278084,0.001454263,0.003216985,0.0007039227
SW2088,kitaifa,kitaifa,0.99170166,0.99170166,0.99170166,0.0023137636,0.0021906272,0.003156369,0.00063750887
SW210,michezo,michezo,0.96896476,0.96896476,0.027514271,0.96896476,0.0008060829,0.0014355957,0.0012793415
SW2102,michezo,michezo,0.9690805,0.9690805,0.027896356,0.9690805,0.0008906179,0.0012401283,0.00089235906
SW2103,michezo,michezo,0.9468713,0.9468713,0.049597695,0.9468713,0.00095387036,0.0015497972,0.0010273588
SW211,michezo,michezo,0.99273974,0.99273974,0.0034533187,0.99273974,0.0006356882,0.0016536874,0.0015175089
SW2114,kitaifa,kitaifa,0.9929535,0.9929535,0.9929535,0.0020424712,0.0031960458,0.001437058,0.0003708735
SW2127,kitaifa,kitaifa,0.96992594,0.96992594,0.96992594,0.0029687982,0.024893882,0.0017015107,0.0005098894
SW2133,kitaifa,kitaifa,0.99148387,0.99148387,0.99148387,0.0022159629,0.0017736346,0.0040638563,0.0004626802
SW2138,kimataifa,burudani,0.76449025,0.046504874,0.018586071,0.16501002,0.005408855,0.046504874,0.76449025
SW2139,biashara,biashara,0.99611074,0.99611074,0.00094821607,0.001324204,0.99611074,0.0005445147,0.0010723731
SW2146,kitaifa,kitaifa,0.52085775,0.52085775,0.52085775,0.30292484,0.001445938,0.16582711,0.008944366
SW2155,michezo,michezo,0.9922339,0.9922339,0.0033080059,0.9922339,0.0006316523,0.0015848752,0.00224159
SW216,biashara,biashara,0.9962437,0.9962437,0.0012296459,0.0011305925,0.9962437,0.0005257744,0.00087024824
SW2174,biashara,biashara,0.9605288,0.9605288,0.036168445,0.001600031,0.9605288,0.0009905755,0.0007120926
SW2183,kitaifa,kitaifa,0.9699839,0.9699839,0.9699839,0.0016752314,0.01843304,0.00891146,0.0009964264
SW22,kitaifa,kitaifa,0.9905408,0.9905408,0.9905408,0.004046138,0.003549843,0.0013908176,0.0004722785
SW2203,biashara,biashara,0.99119323,0.99119323,0.0064486787,0.0010423602,0.99119323,0.00070529623,0.000610383
SW2215,kitaifa,kitaifa,0.71310824,0.71310824,0.71310824,0.0028301687,0.27980316,0.00302449,0.0012339967
SW2216,michezo,michezo,0.97535115,0.97535115,0.021738537,0.97535115,0.00061247364,0.0013247649,0.00097301224
SW2221,michezo,michezo,0.9687242,0.9687242,0.028132273,0.9687242,0.00078875356,0.0013119146,0.0010428898
SW2226,kitaifa,kitaifa,0.9832485,0.9832485,0.9832485,0.0066868253,0.001941232,0.007372785,0.0007506074
SW2229,kimataifa,kimataifa,0.9723585,0.9723585,0.019275332,0.0023682385,0.0015561653,0.9723585,0.004441769
SW2234,biashara,biashara,0.99664706,0.99664706,0.0013353084,0.0008723026,0.99664706,0.0004369113,0.0007084848
SW2239,kitaifa,kitaifa,0.92457867,0.92457867,0.92457867,0.042323977,0.028968336,0.0018815061,0.002247474
SW2249,biashara,biashara,0.99572396,0.99572396,0.0013006253,0.0013419116,0.99572396,0.00065655506,0.0009769814
SW2255,michezo,michezo,0.9512689,0.9512689,0.045280434,0.9512689,0.0008523302,0.00153136,0.0010669756
SW2279,michezo,michezo,0.96726894,0.96726894,0.029553296,0.96726894,0.0006789267,0.0014053648,0.0010934309
SW2289,kitaifa,kitaifa,0.9930084,0.9930084,0.9930084,0.0020366085,0.0027285393,0.0017539526,0.00047253116
SW2308,kitaifa,kitaifa,0.9932603,0.9932603,0.9932603,0.0027066707,0.001496226,0.00211311,0.0004236817
SW2321,kitaifa,kitaifa,0.9799514,0.9799514,0.9799514,0.0022707726,0.015533074,0.0018015994,0.0004432289
SW2325,kitaifa,kitaifa,0.9909565,0.9909565,0.9909565,0.0024515428,0.0020264548,0.003930967,0.00063454633
SW2328,biashara,biashara,0.9960724,0.9960724,0.0018682672,0.0009217036,0.9960724,0.00047957647,0.00065806886
SW2330,biashara,biashara,0.9955123,0.9955123,0.0016745797,0.0009825139,0.9955123,0.0006919602,0.0011386235
SW2338,michezo,michezo,0.9575277,0.9575277,0.039176047,0.9575277,0.0009222325,0.001370981,0.0010030312
SW2341,kitaifa,michezo,0.9591047,0.03272275,0.03272275,0.9591047,0.00046630937,0.0061905966,0.0015155902
SW235,michezo,michezo,0.9830252,0.9830252,0.0065544005,0.9830252,0.00810448,0.0008177798,0.0014982632
SW2361,michezo,michezo,0.9684579,0.9684579,0.028428288,0.9684579,0.0008119802,0.0013205506,0.00098135
SW2367,michezo,michezo,0.983125,0.983125,0.0075090006,0.983125,0.00702741,0.00076531566,0.0015733959
SW2375,kitaifa,kitaifa,0.99299145,0.99299145,0.99299145,0.0018743485,0.0024031883,0.0022631048,0.00046793112
SW2379,kitaifa,kitaifa,0.98600906,0.98600906,0.98600906,0.003193903,0.0056054746,0.0043336903,0.00085795
SW238,biashara,kitaifa,0.61411357,0.3754001,0.61411357,0.007184584,0.3754001,0.0021092906,0.0011924847
SW239,michezo,michezo,0.9739439,0.9739439,0.02301708,0.9739439,0.000886389,0.0011303922,0.001022222
SW2392,biashara,biashara,0.729343,0.729343,0.26415053,0.0034307167,0.729343,0.0019662508,0.0011094484
SW2399,michezo,michezo,0.96747,0.96747,0.027311329,0.96747,0.0009822655,0.003112501,0.0011239754
SW24,kitaifa,kitaifa,0.983878,0.983878,0.983878,0.00739915,0.0013855154,0.006540896,0.00079641206
SW2418,biashara,biashara,0.9962767,0.9962767,0.00115068,0.0011518043,0.9962767,0.0005096149,0.0009111522
SW2423,michezo,michezo,0.96767724,0.96767724,0.029078986,0.96767724,0.0007879011,0.0014734312,0.0009824758
SW2427,michezo,biashara,0.55530155,0.012528515,0.42743084,0.012528515,0.55530155,0.0029888896,0.0017502273
SW2459,kitaifa,michezo,0.96139675,0.03273695,0.03273695,0.96139675,0.000642647,0.0019852999,0.003238233
SW2477,michezo,michezo,0.9552328,0.9552328,0.041278984,0.9552328,0.0008796077,0.0016021237,0.0010065074
SW2485,kitaifa,kitaifa,0.98398966,0.98398966,0.98398966,0.00652728,0.0012678449,0.0073657427,0.0008495299
SW25,kitaifa,kitaifa,0.9819921,0.9819921,0.9819921,0.0018337814,0.013696255,0.0020557444,0.00042216043
SW2504,kitaifa,kitaifa,0.98749024,0.98749024,0.98749024,0.0021412238,0.008709842,0.0011710045,0.00048767083
SW2509,michezo,michezo,0.9764639,0.9764639,0.020645399,0.9764639,0.0006438555,0.0012099493,0.0010369477
SW2514,michezo,michezo,0.8592393,0.8592393,0.13542138,0.8592393,0.0017691526,0.0018181952,0.0017519597
SW2532,kitaifa,kitaifa,0.693964,0.693964,0.693964,0.0033286817,0.2973066,0.0034816219,0.0019189825
SW2533,michezo,michezo,0.9766674,0.9766674,0.019975323,0.9766674,0.0010965336,0.0010576202,0.001203131
SW2548,michezo,michezo,0.96891874,0.96891874,0.027918953,0.96891874,0.0006881013,0.0014063878,0.0010678357
SW2573,kitaifa,kitaifa,0.9885776,0.9885776,0.9885776,0.00481768,0.0037565962,0.0023983542,0.00044975814
SW2575,biashara,kitaifa,0.9555125,0.040373974,0.9555125,0.0020517502,0.040373974,0.0014981637,0.00056366285
SW2581,biashara,biashara,0.9379095,0.9379095,0.058398273,0.0018735464,0.9379095,0.0010727398,0.00074597343
SW2585,burudani,kitaifa,0.89961284,0.006644313,0.89961284,0.033512734,0.05229348,0.007936685,0.006644313
SW2598,biashara,kitaifa,0.6685668,0.32392985,0.6685668,0.0036695106,0.32392985,0.002637892,0.0011959783
SW2599,biashara,biashara,0.9958703,0.9958703,0.0012327916,0.0013368762,0.9958703,0.0005886187,0.00097141636
SW2605,kitaifa,michezo,0.9732282,0.020426827,0.020426827,0.9732282,0.00089968595,0.0013296496,0.0041156565
SW2614,biashara,biashara,0.99636227,0.99636227,0.0012540477,0.0011274194,0.99636227,0.00042583578,0.00083049544
SW2615,kitaifa,kitaifa,0.67631274,0.67631274,0.67631274,0.003116694,0.3176011,0.0018996234,0.0010697627
SW2618,michezo,michezo,0.98781335,0.98781335,0.007262641,0.98781335,0.0027691508,0.00072096667,0.0014338132
SW2630,michezo,michezo,0.99045277,0.99045277,0.005810584,0.99045277,0.0014545909,0.00067512767,0.0016069438
SW2635,kitaifa,kitaifa,0.7452024,0.7452024,0.7452024,0.0046665203,0.2471858,0.0020326877,0.0009126323
SW2636,kitaifa,kitaifa,0.9928819,0.9928819,0.9928819,0.0018023445,0.002352997,0.0025145556,0.0004482011
SW2637,kitaifa,kitaifa,0.9916958,0.9916958,0.9916958,0.0027530177,0.003702782,0.0014721459,0.00037623674
SW2640,biashara,kitaifa,0.5376429,0.44746614,0.5376429,0.003629692,0.44746614,0.004903401,0.0063578775
SW2641,biashara,biashara,0.6473207,0.6473207,0.3458097,0.0037416304,0.6473207,0.0022190087,0.00090890244
SW2643,michezo,michezo,0.91888744,0.91888744,0.04009805,0.91888744,0.0010126967,0.0067999386,0.0332019
SW2653,kitaifa,kitaifa,0.97419477,0.97419477,0.97419477,0.01839592,0.0019941244,0.003915761,0.0014993757
SW266,kitaifa,kitaifa,0.9837875,0.9837875,0.9837875,0.0071202517,0.0010611769,0.0072668926,0.0007643371
SW2666,kitaifa,kitaifa,0.9863825,0.9863825,0.9863825,0.0066105914,0.0012056429,0.0051684836,0.00063285226
SW2667,biashara,biashara,0.99558485,0.99558485,0.0018285544,0.0009787546,0.99558485,0.00072098395,0.00088682544
SW2669,kitaifa,kitaifa,0.98319215,0.98319215,0.98319215,0.0025540479,0.01215497,0.0016123918,0.00048649748
SW2671,kitaifa,kitaifa,0.98887384,0.98887384,0.98887384,0.0046356376,0.0028048006,0.0030849865,0.00060068583
SW2681,kitaifa,kitaifa,0.9927394,0.9927394,0.9927394,0.0019201845,0.0025228027,0.0022936757,0.00052392494
SW2688,biashara,biashara,0.9962316,0.9962316,0.0016076615,0.0009155707,0.9962316,0.0005115863,0.0007335296
SW2694,biashara,biashara,0.99570125,0.99570125,0.0017933965,0.0009865464,0.99570125,0.0006413314,0.00087745255
SW2698,biashara,biashara,0.9964432,0.9964432,0.0011587666,0.0009457578,0.9964432,0.0005310404,0.0009211467
SW2719,biashara,biashara,0.99552804,0.99552804,0.0011386414,0.001559381,0.99552804,0.0006094708,0.0011645057
SW2722,michezo,michezo,0.99357504,0.99357504,0.0033654629,0.99357504,0.00089459366,0.0009588221,0.0012061609
SW2739,michezo,michezo,0.9922387,0.9922387,0.004907026,0.9922387,0.00071785937,0.00106404,0.0010723855
SW274,michezo,michezo,0.97030234,0.97030234,0.026600448,0.97030234,0.00090225233,0.0011825188,0.0010124502
SW2751,michezo,michezo,0.98890823,0.98890823,0.0061896043,0.98890823,0.0030048115,0.0008655293,0.0010318643
SW277,biashara,biashara,0.99546486,0.99546486,0.0011176381,0.001590036,0.99546486,0.00074523495,0.0010821946
SW2776,michezo,michezo,0.96317536,0.96317536,0.033640925,0.96317536,0.00088346365,0.0013431803,0.00095711945
SW2780,michezo,michezo,0.9614746,0.9614746,0.03464751,0.9614746,0.0009369498,0.0015178521,0.0014231078
SW2790,kimataifa,kimataifa,0.9749062,0.9749062,0.007479935,0.0037538088,0.0035609829,0.9749062,0.010299016
SW2802,kimataifa,kimataifa,0.9424707,0.9424707,0.047360204,0.003510405,0.0021775323,0.9424707,0.004481116
SW2827,kitaifa,biashara,0.7976739,0.19739671,0.19739671,0.0021971667,0.7976739,0.0017044838,0.0010277819
SW2857,biashara,biashara,0.99493885,0.99493885,0.0030091447,0.0009809894,0.99493885,0.00040973665,0.0006611828
SW2875,michezo,michezo,0.9931999,0.9931999,0.0029667153,0.9931999,0.00072348356,0.001715327,0.0013945511
SW2889,michezo,michezo,0.9631936,0.9631936,0.03357592,0.9631936,0.0008697833,0.0013885531,0.00097221025
SW2898,biashara,biashara,0.6425836,0.6425836,0.35004964,0.0043381588,0.6425836,0.0020492012,0.0009793842
SW2905,michezo,michezo,0.97886825,0.97886825,0.018122228,0.97886825,0.000539286,0.0014417956,0.0010283942
SW291,biashara,biashara,0.9961171,0.9961171,0.0016920405,0.0009039168,0.9961171,0.000454962,0.0008319144
SW2929,kitaifa,kitaifa,0.9648495,0.9648495,0.9648495,0.018642407,0.0016277627,0.013523027,0.001357393
SW2932,biashara,biashara,0.5193725,0.5193725,0.47289407,0.0041314857,0.5193725,0.0023220843,0.0012798745
SW2937,kitaifa,kitaifa,0.9783537,0.9783537,0.9783537,0.0069287256,0.0014117861,0.012025271,0.0012804344
SW2940,biashara,biashara,0.9879112,0.9879112,0.00862993,0.0009404108,0.9879112,0.00075122673,0.0017672435
SW2948,michezo,michezo,0.99354494,0.99354494,0.0034704937,0.99354494,0.00073369767,0.0009979611,0.0012529466
SW2959,biashara,biashara,0.9956864,0.9956864,0.001981206,0.0010328672,0.9956864,0.0005244549,0.00077509414
SW2977,kitaifa,kitaifa,0.9904422,0.9904422,0.9904422,0.0021771884,0.0054169525,0.0015620565,0.00040156118
SW2980,kitaifa,kitaifa,0.8198627,0.8198627,0.8198627,0.0033310165,0.1738783,0.0020521798,0.00087576284
SW2985,kitaifa,kitaifa,0.6967186,0.6967186,0.6967186,0.004090578,0.29558596,0.0023513164,0.0012536623
SW3002,kitaifa,kitaifa,0.983158,0.983158,0.983158,0.0021781267,0.012737858,0.0014839035,0.00044208133
SW3003,biashara,biashara,0.99398756,0.99398756,0.0038507113,0.00085983943,0.99398756,0.000531805,0.0007700028
SW3006,kitaifa,kitaifa,0.9894254,0.9894254,0.9894254,0.0026962205,0.0036870965,0.0033967122,0.00079466973
SW3014,biashara,biashara,0.98516834,0.98516834,0.0015281572,0.011019303,0.98516834,0.0006982762,0.0015859315
SW3018,kitaifa,kitaifa,0.9899594,0.9899594,0.9899594,0.0023783667,0.0053076455,0.0017485672,0.00060606166
SW3025,kitaifa,kitaifa,0.99081683,0.99081683,0.99081683,0.002516688,0.0049058297,0.0013158808,0.00044465586
SW3026,biashara,biashara,0.84837955,0.84837955,0.14627899,0.002195252,0.84837955,0.0021152806,0.0010309054
SW3029,kitaifa,kitaifa,0.97796154,0.97796154,0.97796154,0.00992581,0.0025206907,0.00818071,0.0014112202
SW304,michezo,michezo,0.9937331,0.9937331,0.0030842922,0.9937331,0.00056595856,0.0011255429,0.0014911023
SW3042,michezo,michezo,0.97395056,0.97395056,0.023039725,0.97395056,0.00074787874,0.0013164191,0.00094540726
SW3043,kitaifa,kitaifa,0.9788213,0.9788213,0.9788213,0.0095960265,0.0034619009,0.006791324,0.0013294782
SW3053,michezo,michezo,0.99341375,0.99341375,0.0035749455,0.99341375,0.00075393694,0.001020495,0.0012369773
SW3065,kitaifa,kitaifa,0.9642116,0.9642116,0.9642116,0.020056818,0.0026871962,0.010922687,0.0021215994
SW307,biashara,biashara,0.99661344,0.99661344,0.0010049612,0.0008990837,0.99661344,0.00056208303,0.0009204048
SW3084,biashara,biashara,0.99583495,0.99583495,0.0013968863,0.001018994,0.99583495,0.00077294203,0.0009761366
SW3094,biashara,biashara,0.9963792,0.9963792,0.0013401745,0.0008997505,0.9963792,0.00059527985,0.0007855432
SW3102,kitaifa,kitaifa,0.9898553,0.9898553,0.9898553,0.001774183,0.0060453666,0.0019127374,0.0004124483
SW3112,kitaifa,kitaifa,0.9849945,0.9849945,0.9849945,0.008759176,0.0015825576,0.0038298718,0.0008339493
SW3117,michezo,michezo,0.9793276,0.9793276,0.01753862,0.9793276,0.0005239616,0.0015888939,0.00102087
SW3126,kitaifa,kitaifa,0.99101335,0.99101335,0.99101335,0.002569342,0.0030751,0.0028930237,0.00044910848
SW3133,kitaifa,kitaifa,0.9861444,0.9861444,0.9861444,0.006207061,0.0037675316,0.003331335,0.00054969883
SW3136,michezo,michezo,0.96682745,0.96682745,0.025891192,0.96682745,0.0006288449,0.0021046246,0.004547807
SW3143,biashara,biashara,0.9958851,0.9958851,0.0012268048,0.0013046523,0.9958851,0.0006120756,0.00097143074
SW3144,michezo,michezo,0.95823604,0.95823604,0.038409207,0.95823604,0.0009121625,0.0013719952,0.0010705999
SW3155,biashara,biashara,0.9940445,0.9940445,0.0017695535,0.002738063,0.9940445,0.00053705456,0.00091088813
SW3162,michezo,kitaifa,0.99017847,0.0022899942,0.99017847,0.0022899942,0.005926756,0.0012462648,0.00035845832
SW3168,michezo,michezo,0.9556078,0.9556078,0.04101386,0.9556078,0.000927602,0.0014536335,0.0009971174
SW3176,kitaifa,kitaifa,0.98907954,0.98907954,0.98907954,0.0023508633,0.0067480695,0.0013820011,0.00043956254
SW320,michezo,michezo,0.97615165,0.97615165,0.010047502,0.97615165,0.011271227,0.0009643471,0.0015652899
SW3200,kitaifa,kitaifa,0.9463393,0.9463393,0.9463393,0.0079046,0.0013816858,0.04256527,0.0018091109
SW3204,michezo,michezo,0.98601633,0.98601633,0.0072602774,0.98601633,0.0044495105,0.00078270544,0.0014911273
SW3213,kitaifa,kitaifa,0.92984164,0.92984164,0.92984164,0.002973968,0.06471384,0.0019541888,0.0005162937
SW3214,biashara,biashara,0.9948496,0.9948496,0.0010159995,0.002196508,0.9948496,0.0007051382,0.0012327313
SW322,kitaifa,kimataifa,0.8620783,0.12084423,0.12084423,0.011278749,0.0027438065,0.8620783,0.0030549646
SW3227,kitaifa,kitaifa,0.9914175,0.9914175,0.9914175,0.0024455083,0.0027401769,0.0028244,0.00057241245
SW3234,michezo,michezo,0.9730612,0.9730612,0.023959033,0.9730612,0.0005910805,0.0013959456,0.000992778
SW3237,michezo,michezo,0.9563375,0.9563375,0.040290624,0.9563375,0.000992049,0.0014182717,0.00096152676
SW3249,kitaifa,kitaifa,0.9920047,0.9920047,0.9920047,0.0031297049,0.0024457623,0.0019874198,0.0004323355
SW3269,biashara,biashara,0.992818,0.992818,0.0051278076,0.00092409085,0.992818,0.0005270455,0.00060308166
SW3275,michezo,michezo,0.969829,0.969829,0.027111864,0.969829,0.00080522767,0.0012730018,0.0009808217
SW3280,kitaifa,kitaifa,0.9926212,0.9926212,0.9926212,0.002837511,0.001910604,0.0022337222,0.0003969799
SW3282,biashara,kitaifa,0.94221985,0.05336446,0.94221985,0.0020996975,0.05336446,0.0015680003,0.0007479396
SW3288,michezo,michezo,0.97248524,0.97248524,0.024560612,0.97248524,0.0007918159,0.0012311883,0.0009311667
SW3293,kimataifa,kitaifa,0.5121329,0.45372462,0.5121329,0.003971759,0.015225311,0.45372462,0.014945414
SW3306,michezo,michezo,0.9892758,0.9892758,0.0073432014,0.9892758,0.0017135629,0.00070806855,0.00095934607
SW3316,michezo,michezo,0.99235076,0.99235076,0.003949011,0.99235076,0.0017005232,0.00091557356,0.0010840897
SW332,kitaifa,kitaifa,0.608386,0.608386,0.608386,0.006373927,0.002130832,0.38071823,0.0023910843
SW3324,biashara,biashara,0.9956422,0.9956422,0.0012916584,0.0016043584,0.9956422,0.00058276486,0.0008791158
SW3325,biashara,kitaifa,0.98780304,0.0073832395,0.98780304,0.002110755,0.0073832395,0.0023001705,0.0004028447
SW3331,biashara,biashara,0.99415094,0.99415094,0.0034171038,0.00077541196,0.99415094,0.0007427991,0.00091365847
SW3332,biashara,biashara,0.99599224,0.99599224,0.0012671208,0.0009453297,0.99599224,0.0007376629,0.0010576857
SW3343,kitaifa,kitaifa,0.9860573,0.9860573,0.9860573,0.0020481905,0.010133366,0.001313402,0.00044773618
SW3360,kitaifa,biashara,0.629306,0.36138004,0.36138004,0.0046027265,0.629306,0.003334702,0.0013766013
SW3367,kitaifa,kitaifa,0.990657,0.990657,0.990657,0.0039278604,0.0011014313,0.0036540253,0.00065962435
SW3368,kitaifa,michezo,0.9731944,0.023407228,0.023407228,0.9731944,0.0006379507,0.0014320393,0.0013283056
SW3376,biashara,biashara,0.9962674,0.9962674,0.0015967663,0.00076501543,0.9962674,0.0005330247,0.00083774707
SW3382,kitaifa,kitaifa,0.96996754,0.96996754,0.96996754,0.0015297652,0.026281472,0.0017385369,0.00048277425
SW3386,kitaifa,kitaifa,0.90576875,0.90576875,0.90576875,0.0021718536,0.08942089,0.0019563662,0.0006820705
SW3389,michezo,michezo,0.97865283,0.97865283,0.018340766,0.97865283,0.0006593127,0.0013687684,0.0009782147
SW3402,michezo,michezo,0.9609693,0.9609693,0.03507174,0.9609693,0.00066016824,0.0021624954,0.0011362213
SW3407,michezo,michezo,0.95440173,0.95440173,0.04222112,0.95440173,0.00086184405,0.001497884,0.0010174859
SW3408,michezo,michezo,0.9664697,0.9664697,0.030023195,0.9664697,0.00057124114,0.0018421892,0.0010935949
SW3438,michezo,michezo,0.9932996,0.9932996,0.0037625786,0.9932996,0.00068907504,0.0010094754,0.0012392533
SW3440,michezo,michezo,0.9611498,0.9611498,0.035250027,0.9611498,0.00082657597,0.0015685656,0.0012050121
SW3442,biashara,biashara,0.9965461,0.9965461,0.0011004306,0.0009626288,0.9965461,0.0005057858,0.00088508485
SW3465,kitaifa,kitaifa,0.9881642,0.9881642,0.9881642,0.005842937,0.0017066301,0.0035154833,0.0007707424
SW3474,michezo,michezo,0.977696,0.977696,0.019024841,0.977696,0.0005271912,0.0017218546,0.0010301764
SW3478,kitaifa,kitaifa,0.99230194,0.99230194,0.99230194,0.0029223578,0.001873047,0.002392157,0.0005105646
SW3494,michezo,michezo,0.9448133,0.9448133,0.05161234,0.9448133,0.0009407085,0.0015924046,0.0010412693
SW3496,kitaifa,kitaifa,0.993028,0.993028,0.993028,0.00187076,0.0031962856,0.0014958759,0.00040894974
SW3506,biashara,biashara,0.99590683,0.99590683,0.0014399253,0.0010483405,0.99590683,0.00067884533,0.0009260611
SW3514,michezo,michezo,0.9647946,0.9647946,0.032060295,0.9647946,0.0008362179,0.0013388849,0.0009700297
SW3532,biashara,biashara,0.99644035,0.99644035,0.0012371163,0.0009998924,0.99644035,0.0005207676,0.00080186845
SW3534,kitaifa,kitaifa,0.9929121,0.9929121,0.9929121,0.0028203828,0.0020826682,0.0017589282,0.0004260221
SW3540,michezo,michezo,0.9735091,0.9735091,0.023598438,0.9735091,0.00063691183,0.0012853415,0.0009702266
SW3541,biashara,biashara,0.9966551,0.9966551,0.0012373829,0.00093768135,0.9966551,0.00041853875,0.0007512439
SW3554,michezo,michezo,0.9553553,0.9553553,0.04124398,0.9553553,0.00092374155,0.00147038,0.0010066365
SW3556,kitaifa,biashara,0.665662,0.32824188,0.32824188,0.0028260164,0.665662,0.0021773875,0.0010927229
SW3563,kitaifa,kitaifa,0.98885226,0.98885226,0.98885226,0.0020701056,0.006590035,0.0020600222,0.00042760783
SW3566,kitaifa,kitaifa,0.81844336,0.81844336,0.81844336,0.0048476686,0.17239475,0.0029575382,0.001356707
SW3578,kitaifa,kitaifa,0.5078898,0.5078898,0.5078898,0.0024745183,0.48463187,0.0038664422,0.0011373513
SW360,kimataifa,kimataifa,0.9751315,0.9751315,0.009646601,0.0029964135,0.0017106428,0.9751315,0.010514836
SW3613,kitaifa,kitaifa,0.9897886,0.9897886,0.9897886,0.0026218959,0.0026347293,0.0043865633,0.00056813326
SW3620,biashara,kitaifa,0.55416876,0.43838358,0.55416876,0.0030475692,0.43838358,0.0032568176,0.0011432504
SW3622,michezo,michezo,0.9634789,0.9634789,0.03319458,0.9634789,0.00078295206,0.001471343,0.0010722608
SW363,kitaifa,biashara,0.57912207,0.40666822,0.40666822,0.0063461065,0.57912207,0.0053491783,0.0025144652
SW3635,kitaifa,kitaifa,0.9783201,0.9783201,0.9783201,0.011195367,0.0021631795,0.007268088,0.0010532205
SW3636,michezo,michezo,0.9715949,0.9715949,0.02526765,0.9715949,0.00091768167,0.0011510307,0.0010686957
SW364,kitaifa,kitaifa,0.98339486,0.98339486,0.98339486,0.0016622934,0.0040722447,0.010256697,0.000613917
SW3643,biashara,biashara,0.99663466,0.99663466,0.0009797866,0.0009797866,0.99663466,0.0004970168,0.00090881315
SW3647,kitaifa,kitaifa,0.98099005,0.98099005,0.98099005,0.00795357,0.0024292578,0.007428036,0.0011990519
SW3657,kitaifa,kitaifa,0.9897063,0.9897063,0.9897063,0.0055055567,0.001729442,0.002389397,0.00066936895
SW3670,michezo,michezo,0.9711447,0.9711447,0.025905415,0.9711447,0.00075157295,0.0012537409,0.0009445267
SW3673,biashara,biashara,0.9955395,0.9955395,0.0009485983,0.0018618052,0.9955395,0.0004765196,0.0011736526
SW3675,biashara,biashara,0.98248184,0.98248184,0.015042547,0.001107379,0.98248184,0.0007829521,0.0005852598
SW3679,michezo,michezo,0.96713334,0.96713334,0.029751843,0.96713334,0.0007889978,0.0013833826,0.0009424642
SW3687,michezo,michezo,0.94620895,0.94620895,0.04975699,0.94620895,0.00087129825,0.001749788,0.0014128762
SW3692,biashara,biashara,0.99583566,0.99583566,0.0019980196,0.00079359394,0.99583566,0.0005369725,0.00083575014
SW3696,biashara,biashara,0.9959318,0.9959318,0.0021218993,0.00082609314,0.9959318,0.00044870062,0.00067160896
SW3700,michezo,michezo,0.9784897,0.9784897,0.017808264,0.9784897,0.00055727706,0.0020705352,0.0010741795
SW3702,kitaifa,kitaifa,0.9732528,0.9732528,0.9732528,0.002941401,0.020189358,0.002918511,0.0006979621
SW3709,kitaifa,kitaifa,0.90345883,0.90345883,0.90345883,0.0036278942,0.088931926,0.0031213379,0.00086001906
SW3712,biashara,biashara,0.99596065,0.99596065,0.001173003,0.001275772,0.99596065,0.00057841477,0.0010121798
SW3713,biashara,biashara,0.99596417,0.99596417,0.0019049085,0.00096018956,0.99596417,0.00046477094,0.00070592813
SW3722,michezo,michezo,0.9635363,0.9635363,0.033196557,0.9635363,0.00084003503,0.0013958463,0.0010312445
SW3746,michezo,michezo,0.97945946,0.97945946,0.017438503,0.97945946,0.00052814215,0.0015357104,0.0010380994
SW3747,biashara,biashara,0.99412125,0.99412125,0.0035783653,0.0009956189,0.99412125,0.0006015191,0.0007032471
SW376,kitaifa,kitaifa,0.98025376,0.98025376,0.98025376,0.0036369006,0.0047666305,0.010727026,0.00061555224
SW3761,kitaifa,kitaifa,0.9924494,0.9924494,0.9924494,0.002415991,0.0012095097,0.0032352356,0.0006898312
SW3767,kitaifa,kitaifa,0.9907002,0.9907002,0.9907002,0.0021671478,0.0054031718,0.0012505798,0.0004788568
SW3770,biashara,biashara,0.99516606,0.99516606,0.0022144397,0.000997639,0.99516606,0.00064349535,0.000978343
SW3781,kitaifa,kitaifa,0.98800206,0.98800206,0.98800206,0.0020223872,0.007940448,0.001538551,0.0004965762
SW3791,michezo,michezo,0.97386116,0.97386116,0.022724787,0.97386116,0.00062116835,0.0018346517,0.0009583336
SW3792,kitaifa,kitaifa,0.9564597,0.9564597,0.9564597,0.024874037,0.002634537,0.014249128,0.0017826168
SW3795,michezo,michezo,0.9932902,0.9932902,0.0036987884,0.9932902,0.00067048206,0.0011000534,0.0012404523
SW3797,michezo,michezo,0.9644335,0.9644335,0.032331213,0.9644335,0.00092526246,0.0013423106,0.00096777466
SW380,kitaifa,kitaifa,0.99255157,0.99255157,0.99255157,0.0026485424,0.0026615062,0.0017142073,0.0004242071
SW3810,kitaifa,kitaifa,0.9900357,0.9900357,0.9900357,0.004111773,0.0022607797,0.0030630792,0.0005286571
SW3836,kitaifa,kitaifa,0.8381952,0.8381952,0.8381952,0.0029385923,0.15565737,0.0023984092,0.00081045844
SW3839,kitaifa,kitaifa,0.8391734,0.8391734,0.8391734,0.003363177,0.15432456,0.0022013218,0.0009375758
SW3844,michezo,michezo,0.95757794,0.95757794,0.039139863,0.95757794,0.0008613411,0.0013737334,0.0010471244
SW3851,michezo,michezo,0.9676371,0.9676371,0.02922011,0.9676371,0.0006966509,0.0014224721,0.0010235682
SW3867,kitaifa,kitaifa,0.97695696,0.97695696,0.97695696,0.0014919256,0.017849961,0.0030792223,0.0006219271
SW387,michezo,michezo,0.97352827,0.97352827,0.02336957,0.97352827,0.0008114627,0.0012568181,0.0010338303
SW388,kitaifa,biashara,0.9868508,0.0095585305,0.0095585305,0.0016746641,0.9868508,0.0010982716,0.00081776176
SW3883,kitaifa,kitaifa,0.87188536,0.87188536,0.87188536,0.0024227805,0.123177536,0.0018667026,0.00064764015
SW3884,michezo,michezo,0.99069047,0.99069047,0.0056365584,0.99069047,0.0018809944,0.00083224446,0.0009597801
SW3896,biashara,biashara,0.99566865,0.99566865,0.0015027861,0.0014131162,0.99566865,0.00052855886,0.00088690006
SW3911,biashara,biashara,0.9931558,0.9931558,0.0015390434,0.0025201668,0.9931558,0.0006957365,0.0020892916
SW3914,michezo,michezo,0.96475184,0.96475184,0.009453477,0.96475184,0.001389442,0.0022203217,0.02218486
SW3918,biashara,kitaifa,0.94569045,0.050119758,0.94569045,0.0018983362,0.050119758,0.0016654885,0.00062600477
SW3919,kitaifa,kitaifa,0.9908812,0.9908812,0.9908812,0.0023620552,0.0046860534,0.0015935712,0.0004770771
SW392,michezo,michezo,0.98862606,0.98862606,0.008507474,0.98862606,0.00054572674,0.0013091303,0.0010116175
SW3944,michezo,michezo,0.9663864,0.9663864,0.030138105,0.9663864,0.0009235215,0.001597261,0.00095469994
SW3960,kitaifa,kitaifa,0.95187277,0.95187277,0.95187277,0.0023206093,0.04365859,0.0015204073,0.0006276407
SW3965,michezo,michezo,0.97894394,0.97894394,0.017591776,0.97894394,0.0005086345,0.0018586918,0.001096945
SW3969,biashara,biashara,0.99619496,0.99619496,0.0019184194,0.0007687041,0.99619496,0.00043416172,0.00068369956
SW397,michezo,michezo,0.986375,0.986375,0.010829976,0.986375,0.0009659199,0.00092800945,0.000901216
SW3970,biashara,biashara,0.996326,0.996326,0.001076803,0.0009147638,0.996326,0.0006244241,0.0010580402
SW3979,biashara,biashara,0.9962303,0.9962303,0.0016798837,0.00089348736,0.9962303,0.00045412587,0.0007421752
SW3996,michezo,michezo,0.97187275,0.97187275,0.025225557,0.97187275,0.0007836271,0.0012054369,0.00091258116
SW4014,kimataifa,kimataifa,0.95723057,0.95723057,0.034076065,0.002981898,0.0017840536,0.95723057,0.0039272937
SW4015,biashara,biashara,0.9960483,0.9960483,0.00097444066,0.0014542625,0.9960483,0.00058414234,0.0009389424
SW4021,kitaifa,kitaifa,0.9066824,0.9066824,0.9066824,0.0039753173,0.08658783,0.0019717724,0.00078278646
SW4036,michezo,michezo,0.8912072,0.8912072,0.104380794,0.8912072,0.0011151435,0.0019305624,0.0013663024
SW4041,michezo,michezo,0.96090275,0.96090275,0.03572608,0.96090275,0.0008103802,0.0014334165,0.001127301
SW4044,michezo,michezo,0.9545846,0.9545846,0.042023517,0.9545846,0.0008738754,0.0014720662,0.0010458919
SW4050,kitaifa,kitaifa,0.99019814,0.99019814,0.99019814,0.004303499,0.0016803445,0.0031377645,0.0006802479
SW4056,kitaifa,kitaifa,0.9552896,0.9552896,0.9552896,0.03182204,0.0024718905,0.008085254,0.0023312147
SW4058,michezo,michezo,0.95578504,0.95578504,0.03968179,0.95578504,0.0025392505,0.0009609713,0.0010329873
SW4063,michezo,michezo,0.9739664,0.9739664,0.023062611,0.9739664,0.00072346634,0.0013489756,0.00089861156
SW4067,michezo,michezo,0.9932997,0.9932997,0.0040445505,0.9932997,0.0006904223,0.00085006363,0.0011152073
SW4069,kitaifa,kitaifa,0.97021455,0.97021455,0.97021455,0.0034820961,0.023335557,0.002294792,0.0006730604
SW4072,michezo,michezo,0.97724015,0.97724015,0.019831497,0.97724015,0.0008003633,0.0012120942,0.00091583066
SW4073,kitaifa,kitaifa,0.63554037,0.63554037,0.63554037,0.0059685665,0.35442305,0.0026641,0.0014038819
SW4077,biashara,biashara,0.9954626,0.9954626,0.002091079,0.0011497397,0.9954626,0.00049160793,0.0008050027
SW4100,biashara,biashara,0.9931953,0.9931953,0.0041531892,0.0011766201,0.9931953,0.0006422211,0.0008327207
SW4105,kitaifa,kitaifa,0.68362075,0.68362075,0.68362075,0.003333961,0.30873445,0.0027829101,0.0015278899
SW4107,kitaifa,biashara,0.5627165,0.42892906,0.42892906,0.0035827665,0.5627165,0.003506614,0.0012650602
SW4120,kitaifa,kitaifa,0.963956,0.963956,0.963956,0.025890036,0.007457567,0.0020457658,0.00065068115
SW4122,kitaifa,kimataifa,0.9060928,0.083460726,0.083460726,0.004559211,0.0026258163,0.9060928,0.0032615045
SW4130,biashara,biashara,0.99626017,0.99626017,0.0014015828,0.0010673098,0.99626017,0.0004274586,0.0008434874
SW4140,michezo,michezo,0.95989776,0.95989776,0.036749754,0.95989776,0.00088390335,0.0014431479,0.0010253458
SW4163,kitaifa,kitaifa,0.8123832,0.8123832,0.8123832,0.0030170183,0.18091351,0.0025957576,0.0010905594
SW4165,michezo,michezo,0.9897608,0.9897608,0.005186819,0.9897608,0.0010500423,0.0011521202,0.002850133
SW4166,michezo,michezo,0.60036427,0.60036427,0.39142826,0.60036427,0.0018126724,0.0039980942,0.0023967153
SW4169,michezo,michezo,0.9856248,0.9856248,0.00460689,0.9856248,0.0074159075,0.0008009485,0.0015514253
SW4170,michezo,michezo,0.9821587,0.9821587,0.014732352,0.9821587,0.0012605521,0.00090794166,0.00094042916
SW4177,biashara,kitaifa,0.54439276,0.4469315,0.54439276,0.0035761266,0.4469315,0.0035971424,0.0015024436
SW4209,biashara,biashara,0.9958104,0.9958104,0.0018361269,0.001012027,0.9958104,0.00053695886,0.000804498
SW4220,biashara,biashara,0.9952928,0.9952928,0.0024840068,0.000832038,0.9952928,0.0006335996,0.0007575793
SW4231,kitaifa,kitaifa,0.9902264,0.9902264,0.9902264,0.0034027835,0.0014205707,0.004408908,0.00054129807
SW426,michezo,michezo,0.9879532,0.9879532,0.007437511,0.9879532,0.0028616462,0.0007396115,0.0010079717
SW4262,kitaifa,kitaifa,0.9809234,0.9809234,0.9809234,0.0033104634,0.010898406,0.003969852,0.0008979873
SW4265,michezo,michezo,0.970731,0.970731,0.02579343,0.970731,0.00070024456,0.0017742219,0.0010010969
SW4273,kitaifa,kitaifa,0.8388295,0.8388295,0.8388295,0.005056524,0.15365992,0.0015331432,0.00092086144
SW4275,biashara,biashara,0.9803156,0.9803156,0.014043323,0.001371094,0.9803156,0.0015191457,0.0027508175
SW4296,kitaifa,kitaifa,0.7718131,0.7718131,0.7718131,0.004311313,0.21983626,0.0026149433,0.0014244994
SW430,michezo,michezo,0.9623128,0.9623128,0.0336108,0.9623128,0.00061500235,0.0015446068,0.0019166707
SW4302,kitaifa,kitaifa,0.7808968,0.7808968,0.7808968,0.0024829975,0.21306877,0.002705817,0.00084562274
SW4316,michezo,michezo,0.993507,0.993507,0.0034484023,0.993507,0.0007733976,0.0009872604,0.0012838636
SW4317,kitaifa,kitaifa,0.98518884,0.98518884,0.98518884,0.0067939097,0.0013819527,0.005825344,0.00081003143
SW4325,kitaifa,kitaifa,0.989291,0.989291,0.989291,0.0044317096,0.0012282401,0.0043864995,0.0006625857
SW4327,biashara,biashara,0.99634475,0.99634475,0.0011711657,0.00095774635,0.99634475,0.0005685553,0.00095774635
SW4328,michezo,michezo,0.963677,0.963677,0.033136617,0.963677,0.0008352493,0.001387894,0.0009632456
SW4336,biashara,biashara,0.99558157,0.99558157,0.0017499322,0.0009883563,0.99558157,0.00075705943,0.00092305045
SW4360,biashara,biashara,0.99585956,0.99585956,0.0018095159,0.0010022416,0.99585956,0.00058746384,0.00074117485
SW4361,kitaifa,kitaifa,0.99027646,0.99027646,0.99027646,0.0020389548,0.005291229,0.0018046505,0.00058875204
SW4363,kitaifa,kitaifa,0.98992807,0.98992807,0.98992807,0.0036853687,0.003172336,0.0027320553,0.0004822364
SW4368,kitaifa,kitaifa,0.98098654,0.98098654,0.98098654,0.0036095323,0.0015098287,0.012988908,0.0009050885
SW4375,michezo,michezo,0.5989976,0.5989976,0.38674194,0.5989976,0.009338305,0.0025355585,0.0023865933
SW4381,kitaifa,kitaifa,0.9930084,0.9930084,0.9930084,0.0020366085,0.0027285393,0.0017539526,0.00047253116
SW4383,kitaifa,burudani,0.47886878,0.40285435,0.40285435,0.02498565,0.06472878,0.028562386,0.47886878
SW4385,biashara,biashara,0.9961488,0.9961488,0.0010661487,0.0010914317,0.9961488,0.00072563166,0.00096789974
SW4389,biashara,biashara,0.9965442,0.9965442,0.0010865466,0.00096545124,0.9965442,0.0005576701,0.00084620336
SW4394,michezo,michezo,0.96578246,0.96578246,0.031136114,0.96578246,0.00090686243,0.0012407451,0.0009338237
SW4399,kitaifa,kitaifa,0.97461504,0.97461504,0.97461504,0.004447731,0.010158612,0.010263314,0.00051536533
SW4400,biashara,biashara,0.98839253,0.98839253,0.0077446094,0.001754345,0.98839253,0.0009190738,0.0011893698
SW4407,michezo,michezo,0.99293596,0.99293596,0.003965353,0.99293596,0.0007737083,0.0011028876,0.001221978
SW4437,michezo,michezo,0.95044667,0.95044667,0.045507155,0.95044667,0.0010152503,0.0018276406,0.001203287
SW4442,biashara,biashara,0.8764303,0.8764303,0.11884383,0.0021788273,0.8764303,0.0015107042,0.0010362649
SW4450,michezo,michezo,0.9842259,0.9842259,0.012745469,0.9842259,0.0011312248,0.00091163145,0.0009857087
SW4452,biashara,biashara,0.9965737,0.9965737,0.0009617158,0.0010418957,0.9965737,0.00050777936,0.00091499113
SW4453,biashara,biashara,0.9953852,0.9953852,0.0011407038,0.0017806136,0.9953852,0.00059759687,0.0010959334
SW4454,michezo,michezo,0.9693849,0.9693849,0.027499333,0.9693849,0.00089964044,0.0012987825,0.0009173843
SW4456,michezo,michezo,0.9677605,0.9677605,0.028855177,0.9677605,0.0005936296,0.0017447744,0.0010459301
SW4457,kitaifa,kitaifa,0.9260586,0.9260586,0.9260586,0.0043944903,0.065274,0.0035276255,0.0007452299
SW4461,kitaifa,kitaifa,0.9905866,0.9905866,0.9905866,0.0017599572,0.005376237,0.0017754937,0.0005017801
SW4470,michezo,michezo,0.9649454,0.9649454,0.031599022,0.9649454,0.00059887994,0.0017465081,0.001110148
SW4476,michezo,michezo,0.9456851,0.9456851,0.050759815,0.9456851,0.0009564041,0.0015645727,0.0010341194
SW448,michezo,michezo,0.9921566,0.9921566,0.0052278545,0.9921566,0.0007906621,0.0007640941,0.0010608395
SW4485,michezo,michezo,0.98875904,0.98875904,0.006757215,0.98875904,0.00056093023,0.0025810814,0.0013416653
SW4487,biashara,biashara,0.99561346,0.99561346,0.0013642239,0.0012145514,0.99561346,0.0006766601,0.0011309813
SW4489,biashara,biashara,0.9963211,0.9963211,0.0011164168,0.000995875,0.9963211,0.0005900364,0.000976613
SW4493,michezo,michezo,0.9933328,0.9933328,0.0036265173,0.9933328,0.00078237697,0.0010214088,0.0012368766
SW4495,kitaifa,kitaifa,0.9834292,0.9834292,0.9834292,0.0020110619,0.013043524,0.0011182319,0.00039793988
SW4525,biashara,kitaifa,0.6872071,0.3049463,0.6872071,0.0043583293,0.3049463,0.0025621296,0.0009261314
SW4535,michezo,michezo,0.98604625,0.98604625,0.010729009,0.98604625,0.0014270614,0.00082834304,0.0009693773
SW4548,michezo,michezo,0.93070024,0.93070024,0.054120373,0.93070024,0.0007712322,0.0037850323,0.0106231645
SW4554,kitaifa,kitaifa,0.9851444,0.9851444,0.9851444,0.0019525874,0.011316202,0.0011557406,0.00043102604
SW4555,kitaifa,kitaifa,0.9934917,0.9934917,0.9934917,0.0020435783,0.0021281,0.0019011076,0.00043552805
SW458,michezo,michezo,0.97024477,0.97024477,0.026833678,0.97024477,0.0008360287,0.0011195199,0.0009660295
SW4592,biashara,biashara,0.9955303,0.9955303,0.0017043066,0.0012752208,0.9955303,0.0005930327,0.0008972298
SW4599,michezo,michezo,0.96162117,0.96162117,0.03502705,0.96162117,0.00070459687,0.0015831885,0.0010639409
SW4600,biashara,kitaifa,0.7319615,0.26098892,0.7319615,0.003510941,0.26098892,0.0025636475,0.0009749532
SW4601,michezo,michezo,0.9743095,0.9743095,0.022558322,0.9743095,0.00059881515,0.0015246549,0.0010087199
SW4623,michezo,michezo,0.95095307,0.95095307,0.04562042,0.95095307,0.001017777,0.001445141,0.00096361205
SW4628,kitaifa,kitaifa,0.9836103,0.9836103,0.9836103,0.0028007904,0.010901609,0.0022725833,0.00041467734
SW4629,michezo,michezo,0.98934186,0.98934186,0.0075897654,0.98934186,0.0012859943,0.00084337563,0.0009390177
SW463,biashara,biashara,0.99282056,0.99282056,0.0044834977,0.0012076012,0.99282056,0.0006125804,0.00087576883
SW4633,kitaifa,kitaifa,0.9934935,0.9934935,0.9934935,0.0019904024,0.0021458424,0.0019329358,0.00043723342
SW4637,kitaifa,kitaifa,0.9919504,0.9919504,0.9919504,0.002819027,0.0023553853,0.0023994967,0.0004757299
SW4647,michezo,michezo,0.98103917,0.98103917,0.015234663,0.98103917,0.00043769574,0.0017652634,0.0015232391
SW4651,kitaifa,kitaifa,0.5153893,0.5153893,0.5153893,0.0033592556,0.47665718,0.0029761358,0.001618097
SW4655,kitaifa,kitaifa,0.989129,0.989129,0.989129,0.0038459478,0.0012485965,0.0052120597,0.00056443765
SW466,michezo,michezo,0.98995626,0.98995626,0.0064123897,0.98995626,0.0006867557,0.0016603621,0.001284282
SW4667,michezo,michezo,0.9932823,0.9932823,0.0039349063,0.9932823,0.00064794725,0.0009831891,0.0011517118
SW4673,kitaifa,kitaifa,0.98768836,0.98768836,0.98768836,0.006393016,0.0012838449,0.0040109158,0.00062386564
SW4678,biashara,biashara,0.99636,0.99636,0.0015984749,0.0007862955,0.99636,0.00045507294,0.00080023933
SW4681,michezo,michezo,0.987282,0.987282,0.009954572,0.987282,0.0010670284,0.0008416196,0.00085487316
SW4686,biashara,biashara,0.9965036,0.9965036,0.0011622369,0.00096635515,0.9965036,0.000492122,0.0008755906
SW469,kitaifa,kitaifa,0.9903578,0.9903578,0.9903578,0.0040414413,0.0020153658,0.003104739,0.00048056486
SW4693,michezo,michezo,0.9753906,0.9753906,0.021591315,0.9753906,0.0006331767,0.0014213228,0.0009635953
SW4698,biashara,biashara,0.9960465,0.9960465,0.0010212031,0.0013462845,0.9960465,0.0006378057,0.00094815495
SW4699,kitaifa,kitaifa,0.9850738,0.9850738,0.9850738,0.0070740795,0.0016635063,0.0054437844,0.00074469286
SW47,kitaifa,kitaifa,0.99080884,0.99080884,0.99080884,0.0035335082,0.0017313687,0.0031844745,0.00074174936
SW4710,michezo,michezo,0.9627154,0.9627154,0.03405446,0.9627154,0.00097553094,0.0012501624,0.0010045337
SW4711,biashara,biashara,0.9964264,0.9964264,0.0014505587,0.0009578249,0.9964264,0.00041926076,0.0007459548
SW4712,kitaifa,kitaifa,0.98801744,0.98801744,0.98801744,0.005759928,0.0021465553,0.0032444645,0.0008316216
SW4720,michezo,michezo,0.9922713,0.9922713,0.0050247074,0.9922713,0.0007150842,0.0009754971,0.0010133664
SW474,michezo,kitaifa,0.9910807,0.0016884248,0.9910807,0.0016884248,0.00554357,0.0012744898,0.00041295888
SW4741,kitaifa,kitaifa,0.98504514,0.98504514,0.98504514,0.0024369187,0.0104839,0.0016138537,0.00042017744
SW4745,kitaifa,kitaifa,0.9914681,0.9914681,0.9914681,0.0040144864,0.0015214968,0.00239833,0.0005975748
SW4748,kitaifa,kitaifa,0.9693084,0.9693084,0.9693084,0.0023839774,0.0264696,0.0013583495,0.0004796276
SW4750,michezo,michezo,0.97136074,0.97136074,0.025534388,0.97136074,0.0008485122,0.0012024511,0.00105393
SW4757,kitaifa,kitaifa,0.98978406,0.98978406,0.98978406,0.0023160651,0.0057681142,0.001601161,0.00053059135
SW4762,kitaifa,kitaifa,0.7920978,0.7920978,0.7920978,0.0027419496,0.20184445,0.0024941368,0.0008216762
SW4763,biashara,biashara,0.99652916,0.99652916,0.0011476047,0.00074822054,0.99652916,0.00058671174,0.0009883313
SW4765,biashara,kitaifa,0.5678474,0.42281333,0.5678474,0.00608435,0.42281333,0.0021758068,0.0010792082
SW4766,michezo,michezo,0.9748769,0.9748769,0.022113282,0.9748769,0.0007059876,0.00129851,0.0010053724
SW4767,kitaifa,kitaifa,0.98744684,0.98744684,0.98744684,0.0020470745,0.008649071,0.0013797199,0.0004772843
SW478,kitaifa,kitaifa,0.73023564,0.73023564,0.73023564,0.00530972,0.2608826,0.0026182546,0.00095384155
SW4783,michezo,michezo,0.9855751,0.9855751,0.011535986,0.9855751,0.0010527739,0.0009967461,0.0008393446
SW4784,biashara,biashara,0.9928196,0.9928196,0.0010149169,0.0040942444,0.9928196,0.000714781,0.0013564159
SW4793,michezo,michezo,0.9560554,0.9560554,0.040555023,0.9560554,0.00087180967,0.001537563,0.000980202
SW48,michezo,michezo,0.5305114,0.5305114,0.15499187,0.5305114,0.0021386389,0.30168647,0.0106716575
SW4802,biashara,biashara,0.9935899,0.9935899,0.0010907564,0.0027528936,0.9935899,0.0008704765,0.0016960087
SW4803,kitaifa,kitaifa,0.98626155,0.98626155,0.98626155,0.0055415872,0.0025620214,0.0047981865,0.0008366545
SW4818,kitaifa,kitaifa,0.9808538,0.9808538,0.9808538,0.0065128356,0.010428148,0.0016164305,0.0005888727
SW4830,biashara,biashara,0.99639696,0.99639696,0.0016260877,0.0008436032,0.99639696,0.000416799,0.0007166563
SW4854,kitaifa,kitaifa,0.99116814,0.99116814,0.99116814,0.0041629667,0.0017201971,0.0023238382,0.00062484207
SW4855,kitaifa,kitaifa,0.98618084,0.98618084,0.98618084,0.0073246974,0.00400675,0.0019093626,0.0005783555
SW4856,michezo,michezo,0.9650621,0.9650621,0.03144891,0.9650621,0.0007997063,0.0013236533,0.0013656706
SW4861,biashara,biashara,0.9963225,0.9963225,0.00133879,0.0011131524,0.9963225,0.0004111086,0.0008143997
SW4872,kitaifa,kitaifa,0.9933369,0.9933369,0.9933369,0.0022771962,0.0017943872,0.0020693648,0.0005221965
SW4888,kitaifa,kitaifa,0.664882,0.664882,0.664882,0.002903787,0.32657906,0.004436403,0.0011987151
SW4894,kitaifa,kitaifa,0.6045524,0.6045524,0.6045524,0.0033149205,0.3872908,0.003665701,0.001176214
SW4911,kitaifa,kitaifa,0.6263737,0.6263737,0.6263737,0.0041631637,0.36464766,0.003533231,0.0012821533
SW4913,kitaifa,kitaifa,0.9890773,0.9890773,0.9890773,0.005187668,0.0027754032,0.0023212016,0.0006383104
SW4916,kitaifa,kitaifa,0.97165596,0.97165596,0.97165596,0.0016217307,0.024780484,0.0013830819,0.0005588156
SW4933,michezo,michezo,0.9627595,0.9627595,0.034022775,0.9627595,0.00091646845,0.001355776,0.0009455603
SW4934,kitaifa,kitaifa,0.98806316,0.98806316,0.98806316,0.004767215,0.0029341292,0.0036605087,0.00057495007
SW4939,kitaifa,kitaifa,0.9875886,0.9875886,0.9875886,0.005228138,0.002326779,0.004020314,0.0008361456
SW4956,kitaifa,kitaifa,0.9792327,0.9792327,0.9792327,0.00901622,0.0014983243,0.00919854,0.0010542029
SW496,kitaifa,kitaifa,0.7923712,0.7923712,0.7923712,0.0028465956,0.1999519,0.0036801726,0.0011501285
SW4967,michezo,michezo,0.9932355,0.9932355,0.0037449244,0.9932355,0.0008063454,0.0009556904,0.0012574587
SW4970,biashara,kitaifa,0.8418679,0.15271783,0.8418679,0.0023188978,0.15271783,0.0022829464,0.0008124214
SW4973,biashara,kitaifa,0.6111901,0.38247302,0.6111901,0.0029923893,0.38247302,0.0023373126,0.001007231
SW4983,michezo,michezo,0.9654436,0.9654436,0.031186035,0.9654436,0.00067764544,0.0016431435,0.0010495578
SW4992,kitaifa,kitaifa,0.68473864,0.68473864,0.68473864,0.0024695531,0.30683276,0.0047001382,0.0012588633
SW4994,kitaifa,kitaifa,0.98911285,0.98911285,0.98911285,0.0040521594,0.0043240446,0.0020128323,0.0004981064
SW5012,kitaifa,kitaifa,0.9484594,0.9484594,0.9484594,0.0028833146,0.046670873,0.0014597665,0.00052663113
SW5018,michezo,michezo,0.97750664,0.97750664,0.019567544,0.97750664,0.0005676974,0.0014411968,0.00091697543
SW5031,michezo,michezo,0.9594763,0.9594763,0.0370941,0.9594763,0.00092050654,0.0013108613,0.0011982244
SW505,michezo,michezo,0.9735604,0.9735604,0.023438906,0.9735604,0.0007217537,0.001334006,0.0009450285
SW5064,kitaifa,kitaifa,0.9926334,0.9926334,0.9926334,0.0018939085,0.003309338,0.0016844771,0.00047885507
SW5065,biashara,biashara,0.9960186,0.9960186,0.0010639294,0.0012008898,0.9960186,0.00065163855,0.0010649688
SW5071,biashara,biashara,0.69665074,0.69665074,0.0066066785,0.269634,0.69665074,0.0030129657,0.024095532
SW5078,biashara,biashara,0.9954775,0.9954775,0.0012517112,0.0013667042,0.9954775,0.0007666516,0.0011374722
SW5081,biashara,biashara,0.9955907,0.9955907,0.0020498966,0.0008306631,0.9955907,0.0006616159,0.0008671336
SW5094,biashara,biashara,0.93524534,0.93524534,0.060848493,0.0020259593,0.93524534,0.0011036483,0.0007765136
SW5102,michezo,michezo,0.96504754,0.96504754,0.031695087,0.96504754,0.0008138757,0.0014186652,0.0010248242
SW5103,michezo,michezo,0.95952404,0.95952404,0.03716847,0.95952404,0.0007631647,0.0015431414,0.0010012037
SW5116,kitaifa,kitaifa,0.9815223,0.9815223,0.9815223,0.0018690549,0.014515798,0.0017269059,0.00036588855
SW5125,kitaifa,kitaifa,0.9927368,0.9927368,0.9927368,0.0028447784,0.0013274741,0.002609241,0.00048171927
SW5128,michezo,michezo,0.9895343,0.9895343,0.0067796637,0.9895343,0.0016628992,0.0008041255,0.0012189815
SW5132,michezo,michezo,0.9708954,0.9708954,0.026127394,0.9708954,0.0007737187,0.0012424508,0.0009610296
SW5133,michezo,michezo,0.99335915,0.99335915,0.0033214742,0.99335915,0.0009327567,0.001021436,0.0013651284
SW5154,biashara,biashara,0.99634165,0.99634165,0.0010852654,0.001091643,0.99634165,0.00054040254,0.0009410552
SW5168,biashara,biashara,0.99568534,0.99568534,0.0010687794,0.0016122812,0.99568534,0.00056485954,0.0010687794
SW5171,michezo,michezo,0.9936333,0.9936333,0.0033920575,0.9936333,0.0007366348,0.0009477069,0.0012903117
SW5184,biashara,kitaifa,0.8249676,0.16597357,0.8249676,0.0043929126,0.16597357,0.0036029404,0.0010629492
SW5188,michezo,michezo,0.970731,0.970731,0.026148494,0.970731,0.0006826888,0.0013563635,0.0010813873
SW5189,kitaifa,kitaifa,0.66572076,0.66572076,0.66572076,0.0033074676,0.3276303,0.0023637405,0.0009776856
SW5193,michezo,michezo,0.99295795,0.99295795,0.0041309637,0.99295795,0.00074481143,0.00101605,0.0011502118
SW5202,kitaifa,kitaifa,0.98753744,0.98753744,0.98753744,0.0014446552,0.009179675,0.0014070615,0.00043122997
SW521,michezo,michezo,0.9882885,0.9882885,0.006728079,0.9882885,0.0031639906,0.0007269707,0.0010923785
SW5232,kitaifa,kitaifa,0.56209075,0.56209075,0.56209075,0.0031830352,0.43096995,0.0024215258,0.0013346841
SW5236,kitaifa,kitaifa,0.9900371,0.9900371,0.9900371,0.00241601,0.005612593,0.0014189127,0.00051540387
SW5242,biashara,biashara,0.99602306,0.99602306,0.0013647851,0.001210314,0.99602306,0.0005360256,0.00086581754
SW5263,kitaifa,biashara,0.5416903,0.45083463,0.45083463,0.002755074,0.5416903,0.0032653478,0.0014546604
SW5272,kitaifa,kitaifa,0.9840686,0.9840686,0.9840686,0.0017776447,0.012354373,0.0013300949,0.0004691926
SW5277,michezo,michezo,0.9620987,0.9620987,0.03450113,0.9620987,0.00092663505,0.0014967511,0.0009768121
SW5290,michezo,michezo,0.95903474,0.95903474,0.037660908,0.95903474,0.00090758933,0.0014057019,0.0009909683
SW531,kitaifa,kitaifa,0.9835789,0.9835789,0.9835789,0.007945409,0.0011140419,0.006459572,0.00090217864
SW5322,biashara,biashara,0.9943857,0.9943857,0.002286289,0.001919616,0.9943857,0.0005156495,0.00089270435
SW5325,kitaifa,kitaifa,0.98745394,0.98745394,0.98745394,0.0035129567,0.004559442,0.003880901,0.0005928352
SW5334,michezo,michezo,0.9555553,0.9555553,0.041011605,0.9555553,0.00090077106,0.0014436512,0.0010886615
SW5338,biashara,biashara,0.99572647,0.99572647,0.0021654177,0.00083077635,0.99572647,0.0005485737,0.0007288743
SW534,biashara,biashara,0.99370366,0.99370366,0.003848672,0.0010614566,0.99370366,0.00059892226,0.0007872685
SW5341,michezo,michezo,0.95933825,0.95933825,0.03734317,0.95933825,0.00083964854,0.0014621611,0.0010167735
SW5351,biashara,kitaifa,0.72435373,0.25979406,0.72435373,0.0038084907,0.25979406,0.010525854,0.0015178747
SW5352,michezo,michezo,0.9732867,0.9732867,0.02368539,0.9732867,0.00076359947,0.0013414681,0.00092287746
SW5354,biashara,biashara,0.9959282,0.9959282,0.0010596855,0.0011514015,0.9959282,0.00067160657,0.0011891116
SW5365,michezo,michezo,0.96544516,0.96544516,0.031247059,0.96544516,0.0007891604,0.0015152161,0.0010034547
SW5366,biashara,kitaifa,0.9920989,0.0033629248,0.9920989,0.0019264561,0.0033629248,0.002085031,0.0005266638
SW5370,michezo,michezo,0.9869103,0.9869103,0.010415651,0.9869103,0.0007287982,0.0009673884,0.0009778362
SW5371,biashara,biashara,0.9966785,0.9966785,0.0010995026,0.00088520243,0.9966785,0.0005332447,0.00080362806
SW5388,kitaifa,kitaifa,0.9799589,0.9799589,0.9799589,0.0018917657,0.016494682,0.0011384847,0.0005161708
SW5407,michezo,michezo,0.9531073,0.9531073,0.042995468,0.9531073,0.0008325673,0.0017471217,0.0013175093
SW5408,michezo,michezo,0.96518886,0.96518886,0.031607,0.96518886,0.00082681346,0.0014105836,0.00096664287
SW5412,kitaifa,biashara,0.6288274,0.36322728,0.36322728,0.004536774,0.6288274,0.0021682815,0.0012402851
SW5413,biashara,biashara,0.9962084,0.9962084,0.0012117219,0.0010263686,0.9962084,0.00065815874,0.00089521444
SW5414,kitaifa,kitaifa,0.9864053,0.9864053,0.9864053,0.0017102603,0.008012133,0.0032741542,0.0005980172
SW5419,kitaifa,kitaifa,0.9875503,0.9875503,0.9875503,0.003539126,0.0068027177,0.0016889952,0.00041878503
SW5438,biashara,biashara,0.99642015,0.99642015,0.0012851157,0.0010316115,0.99642015,0.00048825145,0.0007749082
SW5442,michezo,michezo,0.966948,0.966948,0.029862564,0.966948,0.0010430127,0.0012386083,0.0009079568
SW5464,biashara,biashara,0.978563,0.978563,0.018473893,0.0014914622,0.978563,0.0007767889,0.0006949504
SW5476,biashara,biashara,0.9962126,0.9962126,0.0011952731,0.0010527667,0.9962126,0.0006639716,0.00087533495
SW5487,kitaifa,kitaifa,0.992986,0.992986,0.992986,0.0024410195,0.0018597521,0.0021891845,0.00052405515
SW5488,michezo,michezo,0.9934574,0.9934574,0.0035576883,0.9934574,0.0008096822,0.0009466143,0.0012286042
SW5495,biashara,biashara,0.9963219,0.9963219,0.0015629122,0.00093371334,0.9963219,0.0004384782,0.00074296864
SW55,kitaifa,kitaifa,0.9067677,0.9067677,0.9067677,0.0022564498,0.08847657,0.0017132668,0.0007859242
SW5505,biashara,biashara,0.996283,0.996283,0.0012023823,0.0010184573,0.996283,0.00054780924,0.00094838004
SW5506,kitaifa,kitaifa,0.9737906,0.9737906,0.9737906,0.0022455053,0.021873983,0.001665462,0.00042439744
SW5509,michezo,michezo,0.9931223,0.9931223,0.003814624,0.9931223,0.0008574146,0.00096779026,0.0012378226
SW5510,kitaifa,kitaifa,0.97479576,0.97479576,0.97479576,0.0022151363,0.021337172,0.0011996534,0.00045223505
SW5512,michezo,michezo,0.9602625,0.9602625,0.036264505,0.9602625,0.00088423915,0.0015428215,0.0010459662
SW5532,kitaifa,biashara,0.9951054,0.0027490272,0.0027490272,0.0009744693,0.9951054,0.00044137763,0.00072984374
SW5533,kitaifa,kitaifa,0.9856285,0.9856285,0.9856285,0.0027308355,0.009714801,0.0013839201,0.00054195087
SW5539,kitaifa,kitaifa,0.9596082,0.9596082,0.9596082,0.0047955913,0.0024903505,0.032185163,0.0009206331
SW5545,biashara,biashara,0.99468154,0.99468154,0.003178244,0.0009769121,0.99468154,0.00049122225,0.0006720772
SW5565,kitaifa,kitaifa,0.9776084,0.9776084,0.9776084,0.0053265663,0.004513981,0.010767844,0.0017833053
SW5569,biashara,biashara,0.9961648,0.9961648,0.0018287263,0.00094088813,0.9961648,0.00040230673,0.00066329166
SW5571,michezo,michezo,0.97162986,0.97162986,0.025145479,0.97162986,0.00070501183,0.0014550914,0.0010645675
SW5595,michezo,michezo,0.95616055,0.95616055,0.04048034,0.95616055,0.0009918654,0.0013636863,0.0010035571
SW5597,biashara,biashara,0.9960945,0.9960945,0.0018321723,0.0008803746,0.9960945,0.00043327088,0.0007596718
SW5607,biashara,biashara,0.996222,0.996222,0.0016210461,0.00079390185,0.996222,0.00051458774,0.0008484118
SW5613,kitaifa,kitaifa,0.98609793,0.98609793,0.98609793,0.001874104,0.010052468,0.001504415,0.0004710794
SW5622,michezo,michezo,0.92363805,0.92363805,0.07213328,0.92363805,0.0010199223,0.0017248103,0.0014839782
SW5626,kitaifa,kitaifa,0.9900214,0.9900214,0.9900214,0.002637924,0.004105695,0.002661211,0.0005738436
SW5627,biashara,kitaifa,0.65677434,0.33610332,0.65677434,0.0031441501,0.33610332,0.0029021897,0.0010760295
SW563,michezo,michezo,0.90483433,0.90483433,0.09073537,0.90483433,0.0015535838,0.0015811344,0.001295535
SW5630,kitaifa,kitaifa,0.97978336,0.97978336,0.97978336,0.0081839515,0.002431013,0.008072824,0.0015287353
SW5632,kitaifa,kitaifa,0.98701376,0.98701376,0.98701376,0.0019467637,0.0083176335,0.002264911,0.00045700982
SW5637,kimataifa,kimataifa,0.9654338,0.9654338,0.012108595,0.007694812,0.0014543086,0.9654338,0.013308432
SW5646,kitaifa,michezo,0.97089213,0.02592398,0.02592398,0.97089213,0.0006401816,0.0016031419,0.00094059954
SW5663,biashara,biashara,0.9964575,0.9964575,0.00113194,0.0010236218,0.9964575,0.00048352472,0.0009033431
SW5679,michezo,michezo,0.97633356,0.97633356,0.02076395,0.97633356,0.0007765343,0.0012252443,0.00090079557
SW5694,biashara,kitaifa,0.89447325,0.09947894,0.89447325,0.0035813043,0.09947894,0.0016476664,0.0008188464
SW5709,kitaifa,michezo,0.9590047,0.03754956,0.03754956,0.9590047,0.0007946869,0.0015303039,0.001120688
SW5732,michezo,michezo,0.98718435,0.98718435,0.009180875,0.98718435,0.0018237805,0.00074192835,0.0010690088
SW5733,kitaifa,kitaifa,0.98699677,0.98699677,0.98699677,0.0044495873,0.003953682,0.003869645,0.000730287
SW574,michezo,michezo,0.9807382,0.9807382,0.015349439,0.9807382,0.00047589702,0.0023310375,0.0011054137
SW5740,kitaifa,kitaifa,0.99294186,0.99294186,0.99294186,0.0017641417,0.0025369069,0.002230084,0.0005271113
SW5743,biashara,biashara,0.9960829,0.9960829,0.0011470908,0.0013241671,0.9960829,0.0005339679,0.0009118651
SW5757,kitaifa,michezo,0.9464814,0.0496742,0.0496742,0.9464814,0.0010574668,0.0014397509,0.0013472477
SW5758,biashara,biashara,0.8851127,0.8851127,0.11078486,0.0020792435,0.8851127,0.0011538878,0.0008693007
SW5764,biashara,biashara,0.9965431,0.9965431,0.0009598098,0.00095793704,0.9965431,0.0005708942,0.00096828287
SW5766,biashara,biashara,0.9956856,0.9956856,0.0010010883,0.0015042799,0.9956856,0.0007245863,0.0010845509
SW5806,biashara,biashara,0.99010754,0.99010754,0.0072593205,0.000982922,0.99010754,0.00085815747,0.0007921173
SW582,michezo,michezo,0.94520956,0.94520956,0.013518948,0.94520956,0.035202723,0.0031099597,0.002958863
SW5822,kitaifa,kitaifa,0.9455538,0.9455538,0.9455538,0.0021761386,0.049819745,0.0018182319,0.00063205673
SW583,kitaifa,kitaifa,0.9799303,0.9799303,0.9799303,0.0023359505,0.015165519,0.0021477796,0.00042045207
SW585,biashara,biashara,0.99637526,0.99637526,0.0013245557,0.0008763332,0.99637526,0.0005414773,0.0008823444
SW5861,kitaifa,kitaifa,0.9428869,0.9428869,0.9428869,0.002514788,0.051106274,0.0025996885,0.00089230767
SW5870,kitaifa,biashara,0.7863621,0.20634028,0.20634028,0.004199626,0.7863621,0.0018781889,0.0012197761
SW5875,michezo,michezo,0.97461253,0.97461253,0.022433506,0.97461253,0.0008397923,0.0011400401,0.0009741762
SW5877,biashara,biashara,0.99429333,0.99429333,0.0014208439,0.0021612456,0.99429333,0.00088050065,0.0012441324
SW5878,biashara,kitaifa,0.87186307,0.12389823,0.87186307,0.0018960505,0.12389823,0.001640895,0.000701617
SW5880,michezo,michezo,0.9590522,0.9590522,0.037551418,0.9590522,0.00079317554,0.0016179823,0.0009851967
SW5883,kitaifa,kitaifa,0.98539597,0.98539597,0.98539597,0.0051683593,0.0019877213,0.006688354,0.00075962895
SW5885,biashara,biashara,0.9960039,0.9960039,0.0014094568,0.001238992,0.9960039,0.0005476558,0.0007999533
SW5889,kitaifa,kitaifa,0.9804412,0.9804412,0.9804412,0.009029551,0.0033088361,0.006266815,0.00095356844
SW5904,kitaifa,kitaifa,0.99186784,0.99186784,0.99186784,0.003335977,0.0013211415,0.0029253613,0.00054965913
SW5915,kitaifa,kitaifa,0.9938638,0.9938638,0.9938638,0.0019374368,0.00199309,0.0017883397,0.00041736657
SW5921,biashara,biashara,0.99635965,0.99635965,0.0010705481,0.0011285179,0.99635965,0.00051667314,0.00092467444
SW594,kitaifa,kitaifa,0.9725605,0.9725605,0.9725605,0.012563695,0.0026015416,0.010329569,0.0019446629
SW5945,kitaifa,kitaifa,0.98748404,0.98748404,0.98748404,0.00521102,0.0015198292,0.0050642756,0.0007207263
SW5954,kitaifa,kitaifa,0.9371071,0.9371071,0.9371071,0.0023663586,0.0580641,0.0018161226,0.00064629497
SW5968,michezo,michezo,0.9853963,0.9853963,0.0119116455,0.9853963,0.0008086211,0.0009509294,0.0009325368
SW5984,michezo,michezo,0.96408933,0.96408933,0.03266873,0.96408933,0.0010521876,0.0012791349,0.00091059256
SW5992,biashara,kitaifa,0.57516694,0.41671175,0.57516694,0.0035947163,0.41671175,0.0030897737,0.0014368782
SW5993,kitaifa,kitaifa,0.87693745,0.87693745,0.87693745,0.0021358347,0.118217885,0.0019561276,0.0007526829
SW5998,biashara,biashara,0.996478,0.996478,0.0011330693,0.00088243536,0.996478,0.00055981555,0.00094671483
SW600,michezo,michezo,0.9930265,0.9930265,0.004070179,0.9930265,0.0007477781,0.00097338366,0.0011821785
SW6002,michezo,michezo,0.96814984,0.96814984,0.028810456,0.96814984,0.0007975781,0.0013383031,0.00090377434
SW6005,biashara,biashara,0.74210805,0.74210805,0.25199687,0.0032601084,0.74210805,0.0015703393,0.0010646221
SW6009,kitaifa,kitaifa,0.98973805,0.98973805,0.98973805,0.0021798941,0.005338946,0.0022207191,0.000522341
SW6010,michezo,michezo,0.99239665,0.99239665,0.002906981,0.99239665,0.0007020271,0.0019669617,0.002027419
SW6036,biashara,biashara,0.9946025,0.9946025,0.0018555172,0.0017826918,0.9946025,0.00074750354,0.0010117871
SW6041,michezo,michezo,0.9598154,0.9598154,0.0367466,0.9598154,0.0010723644,0.0012635541,0.0011020914
SW6042,michezo,michezo,0.9937396,0.9937396,0.0032465672,0.9937396,0.00075861625,0.0009431917,0.0013120521
SW605,biashara,kitaifa,0.8224132,0.17104565,0.8224132,0.003354457,0.17104565,0.0023099896,0.00087677315
SW6057,michezo,michezo,0.9543712,0.9543712,0.042137392,0.9543712,0.00108096,0.0014489199,0.0009614258
SW6065,michezo,michezo,0.9934348,0.9934348,0.0036437528,0.9934348,0.00087802386,0.0008618825,0.0011815102
SW609,kitaifa,kitaifa,0.9406192,0.9406192,0.9406192,0.0023682788,0.054324526,0.0020555875,0.00063245307
SW6095,michezo,michezo,0.99299777,0.99299777,0.00441491,0.99299777,0.0006150878,0.0008767809,0.0010954421
SW6105,michezo,michezo,0.95242685,0.95242685,0.044112697,0.95242685,0.0008319729,0.001572652,0.0010558285
SW6106,kitaifa,kitaifa,0.717858,0.717858,0.717858,0.0028995427,0.2762189,0.0020560836,0.0009674388
SW6110,kitaifa,kitaifa,0.98715615,0.98715615,0.98715615,0.0064263353,0.002169965,0.0034406092,0.0008069071
SW6113,kitaifa,kitaifa,0.9902384,0.9902384,0.9902384,0.0030458076,0.0028501165,0.0030073847,0.0008582709
SW6117,kitaifa,biashara,0.9959586,0.0022043318,0.0022043318,0.0007707766,0.9959586,0.00044261973,0.00062358467
SW6118,biashara,biashara,0.99638295,0.99638295,0.00086359656,0.0010959611,0.99638295,0.000528938,0.0011285443
SW6123,kitaifa,kitaifa,0.9912977,0.9912977,0.9912977,0.0034787434,0.0012045719,0.0035128822,0.00050607865
SW6125,michezo,michezo,0.98181456,0.98181456,0.015366285,0.98181456,0.00051312376,0.0012724764,0.0010335062
SW6152,michezo,michezo,0.99342805,0.99342805,0.0036749968,0.99342805,0.00070619653,0.0009823736,0.00120834
SW6185,kitaifa,kitaifa,0.71378464,0.71378464,0.71378464,0.0030451496,0.2806161,0.0016363305,0.00091789826
SW6186,kitaifa,kitaifa,0.95766705,0.95766705,0.95766705,0.001798866,0.038386405,0.0014768196,0.00067087554
SW6190,biashara,biashara,0.97706455,0.97706455,0.016672356,0.0013826555,0.97706455,0.0014950067,0.0033855408
SW6196,kitaifa,biashara,0.83445555,0.15801926,0.15801926,0.0027997047,0.83445555,0.0031973626,0.0015281305
SW6199,biashara,kitaifa,0.6284467,0.3644281,0.6284467,0.0039277077,0.3644281,0.0022053968,0.0009921106
SW6205,kitaifa,kitaifa,0.99315345,0.99315345,0.99315345,0.0024485944,0.002034918,0.0019172372,0.00044570447
SW6209,kitaifa,kitaifa,0.9915931,0.9915931,0.9915931,0.0032785418,0.0017669144,0.0027554224,0.0006058774
SW6219,kitaifa,kitaifa,0.9901314,0.9901314,0.9901314,0.0025433502,0.0055490877,0.0013660183,0.0004101531
SW622,kitaifa,biashara,0.9784104,0.008606613,0.008606613,0.005532481,0.9784104,0.0012905517,0.006159885
SW6226,biashara,biashara,0.99642366,0.99642366,0.0016293104,0.0008841123,0.99642366,0.00042920207,0.0006337004
SW623,biashara,biashara,0.9962754,0.9962754,0.0010600549,0.001120735,0.9962754,0.00059813133,0.0009455985
SW6248,michezo,michezo,0.9935308,0.9935308,0.0033933637,0.9935308,0.00074962067,0.0010397292,0.0012864043
SW625,biashara,biashara,0.9550409,0.9550409,0.04127069,0.0016901884,0.9550409,0.0012401964,0.00075811695
SW626,kitaifa,michezo,0.9865111,0.01000281,0.01000281,0.9865111,0.0005350706,0.001858483,0.0010925457
SW6272,biashara,biashara,0.51316404,0.51316404,0.4783215,0.0042199125,0.51316404,0.0029923655,0.0013021713
SW6276,michezo,michezo,0.97948176,0.97948176,0.01773949,0.97948176,0.0007134908,0.0011301781,0.00093512237
SW6284,kitaifa,kitaifa,0.83168167,0.83168167,0.83168167,0.002313321,0.16312934,0.0019518199,0.00092377694
SW6286,michezo,michezo,0.98191136,0.98191136,0.015233324,0.98191136,0.00056141446,0.001322005,0.00097193365
SW6289,michezo,michezo,0.95696646,0.95696646,0.03969206,0.95696646,0.00091273483,0.0014628256,0.0009659248
SW6291,kitaifa,kitaifa,0.5787219,0.5787219,0.5787219,0.4000868,0.002711605,0.008978263,0.009501475
SW6293,michezo,michezo,0.9619405,0.9619405,0.034698173,0.9619405,0.0011175515,0.0013027277,0.00094107277
SW6300,kitaifa,kitaifa,0.82656044,0.82656044,0.82656044,0.0026984126,0.16759828,0.002228341,0.0009145093
SW6305,biashara,biashara,0.99595815,0.99595815,0.0014527115,0.0010301267,0.99595815,0.0006709712,0.00088802475
SW6310,michezo,michezo,0.9416542,0.9416542,0.05459716,0.9416542,0.00094123266,0.0016152248,0.0011921556
SW6314,biashara,biashara,0.99514824,0.99514824,0.0026972888,0.0008458437,0.99514824,0.00050310715,0.00080553483
SW6339,biashara,biashara,0.9946714,0.9946714,0.0032504052,0.00085959106,0.9946714,0.00057541387,0.0006431755
SW6342,michezo,michezo,0.9679741,0.9679741,0.028889742,0.9679741,0.0008639166,0.001242347,0.0010299418
SW6347,michezo,michezo,0.9630602,0.9630602,0.03360407,0.9630602,0.0010107988,0.0013937948,0.00093119155
SW635,michezo,michezo,0.9585643,0.9585643,0.038160607,0.9585643,0.00085384905,0.0013913582,0.0010299386
SW6350,michezo,michezo,0.96241707,0.96241707,0.034210544,0.96241707,0.0010773734,0.0013983154,0.0008966697
SW6363,kitaifa,kitaifa,0.7764158,0.7764158,0.7764158,0.157277,0.008829742,0.015864171,0.041613255
SW6371,michezo,michezo,0.96236426,0.96236426,0.034309033,0.96236426,0.0009414874,0.0013927876,0.0009924684
SW6376,biashara,biashara,0.9426098,0.9426098,0.05359549,0.0021087881,0.9426098,0.0010408718,0.00064503093
SW6377,michezo,michezo,0.9934557,0.9934557,0.003536898,0.9934557,0.00077638455,0.0009521756,0.0012787922
SW6381,biashara,biashara,0.9957249,0.9957249,0.0016409379,0.001220633,0.9957249,0.00053691276,0.0008766169
SW6387,michezo,michezo,0.9586019,0.9586019,0.0381621,0.9586019,0.00090187974,0.0013552045,0.0009789811
SW6393,michezo,michezo,0.9661587,0.9661587,0.03054578,0.9661587,0.00065856794,0.0016188669,0.0010180197
SW6400,biashara,biashara,0.99423075,0.99423075,0.003724957,0.0007508816,0.99423075,0.00058535853,0.0007081488
SW6402,kitaifa,kitaifa,0.9902036,0.9902036,0.9902036,0.004156885,0.0015374685,0.0035834592,0.0005185199
SW6404,kitaifa,kitaifa,0.9712432,0.9712432,0.9712432,0.0156112565,0.007870702,0.004099248,0.0011756016
SW641,michezo,michezo,0.9758188,0.9758188,0.02122441,0.9758188,0.0007333865,0.0012499715,0.00097347883
SW6412,biashara,biashara,0.9965289,0.9965289,0.0011420145,0.00093026634,0.9965289,0.00049890915,0.0008998857
SW6414,kitaifa,kitaifa,0.7518581,0.7518581,0.7518581,0.0039223395,0.24124882,0.0022088445,0.0007618668
SW6423,michezo,michezo,0.99339205,0.99339205,0.0034877958,0.99339205,0.00087627297,0.0009775531,0.0012662838
SW643,michezo,michezo,0.9384786,0.9384786,0.057080094,0.9384786,0.0009849988,0.0019455586,0.0015107701
SW6431,michezo,michezo,0.9885832,0.9885832,0.007133377,0.9885832,0.0009465807,0.0021331524,0.001203622
SW648,kitaifa,michezo,0.97533673,0.021401197,0.021401197,0.97533673,0.00064060505,0.0013561609,0.0012653159
SW65,kitaifa,kitaifa,0.99070144,0.99070144,0.99070144,0.0030741321,0.0024533065,0.0030771357,0.00069401716
SW656,kitaifa,kitaifa,0.9644641,0.9644641,0.9644641,0.0019265914,0.03161412,0.0013836123,0.00061158056
SW668,burudani,burudani,0.96724075,0.96724075,0.0028277645,0.018461864,0.0038650958,0.007604532,0.96724075
SW673,michezo,michezo,0.97942513,0.97942513,0.017695209,0.97942513,0.00065342063,0.0012558168,0.0009704199
SW674,kitaifa,kitaifa,0.9692207,0.9692207,0.9692207,0.0027143776,0.024973143,0.002367522,0.0007241719
SW675,biashara,kitaifa,0.96899956,0.027354509,0.96899956,0.0018982125,0.027354509,0.0012558675,0.00049180485
SW68,kitaifa,kitaifa,0.99096984,0.99096984,0.99096984,0.0036748638,0.0020166112,0.0027563807,0.00058230024
SW686,biashara,biashara,0.99568874,0.99568874,0.0018904846,0.0011135313,0.99568874,0.00054855295,0.00075862114
SW697,michezo,michezo,0.99035686,0.99035686,0.006366423,0.99035686,0.001273559,0.0010445365,0.0009585205
SW713,michezo,michezo,0.9525141,0.9525141,0.04403066,0.9525141,0.0008753928,0.0015423755,0.0010375263
SW714,michezo,michezo,0.9658749,0.9658749,0.030896764,0.9658749,0.0006029796,0.0015855398,0.0010398224
SW715,kitaifa,kitaifa,0.9801768,0.9801768,0.9801768,0.0019733352,0.01628227,0.0011454297,0.00042220386
SW716,biashara,biashara,0.9592662,0.9592662,0.03715848,0.0019867122,0.9592662,0.0009113613,0.0006772663
SW718,biashara,burudani,0.86456865,0.07909338,0.00958575,0.01434782,0.07909338,0.03240443,0.86456865
SW725,kitaifa,kitaifa,0.907843,0.907843,0.907843,0.0027170533,0.08695305,0.0017662946,0.000720651
SW750,michezo,michezo,0.97364885,0.97364885,0.023418158,0.97364885,0.00078659406,0.001237486,0.0009089077
SW76,kitaifa,kitaifa,0.98426616,0.98426616,0.98426616,0.0075609726,0.00089403545,0.0061876806,0.0010911245
SW765,kitaifa,kitaifa,0.98437124,0.98437124,0.98437124,0.0021829451,0.010179215,0.0027541171,0.00051245425
SW777,kitaifa,kitaifa,0.5003449,0.5003449,0.5003449,0.0030726,0.49258777,0.0028113283,0.0011834366
SW782,michezo,michezo,0.96622264,0.96622264,0.030667363,0.96622264,0.0007669931,0.001390202,0.0009526758
SW809,michezo,michezo,0.9759926,0.9759926,0.02114543,0.9759926,0.00072355685,0.0012164722,0.0009218353
SW815,biashara,biashara,0.9958978,0.9958978,0.0009134781,0.0011752222,0.9958978,0.00071629736,0.0012970469
SW825,biashara,biashara,0.92840797,0.92840797,0.06817944,0.0016144253,0.92840797,0.0011084942,0.00068962533
SW848,kitaifa,kitaifa,0.98752254,0.98752254,0.98752254,0.004025938,0.0017804033,0.005813539,0.00085759035
SW862,michezo,michezo,0.964787,0.964787,0.03190388,0.964787,0.00081206835,0.0014420245,0.0010550076
SW863,biashara,biashara,0.96690905,0.96690905,0.030124974,0.0015795062,0.96690905,0.00073382165,0.00065267447
SW868,kitaifa,kitaifa,0.97693026,0.97693026,0.97693026,0.013209258,0.0016773711,0.0069559054,0.0012271911
SW88,kitaifa,kitaifa,0.9859963,0.9859963,0.9859963,0.0019108703,0.009830583,0.0019428586,0.0003193385
SW881,michezo,michezo,0.95708776,0.95708776,0.039081644,0.95708776,0.00083767885,0.0015198059,0.0014730464
SW888,michezo,michezo,0.9916931,0.9916931,0.003633814,0.9916931,0.000982575,0.001187529,0.0025029753
SW890,kitaifa,kitaifa,0.96487844,0.96487844,0.96487844,0.0023684518,0.030714553,0.0015351726,0.0005032885
SW891,michezo,michezo,0.9930969,0.9930969,0.0027989552,0.9930969,0.0006809081,0.0014443005,0.0019789503
SW898,michezo,michezo,0.9573196,0.9573196,0.039205804,0.9573196,0.00094759185,0.0015261238,0.0010008564
SW9,biashara,kitaifa,0.82357615,0.17095329,0.82357615,0.0026729621,0.17095329,0.0017771024,0.001020504
SW918,kitaifa,biashara,0.80432314,0.18426378,0.18426378,0.0047315788,0.80432314,0.0040038917,0.0026776057
SW935,kitaifa,kitaifa,0.8501333,0.8501333,0.8501333,0.0038872338,0.14346576,0.001723266,0.0007905111
SW936,biashara,kitaifa,0.8812364,0.11302567,0.8812364,0.003147348,0.11302567,0.0017483449,0.00084214844
SW943,kitaifa,kitaifa,0.98645264,0.98645264,0.98645264,0.0018802788,0.010019326,0.0011963455,0.00045142873
SW954,kitaifa,kitaifa,0.990424,0.990424,0.990424,0.0036211985,0.0020017696,0.0033835787,0.0005696094
SW963,kitaifa,kitaifa,0.99343747,0.99343747,0.99343747,0.0022377437,0.0016759925,0.002174197,0.00047458566
SW980,kitaifa,kitaifa,0.6448731,0.6448731,0.6448731,0.0035360092,0.34720415,0.0030512088,0.0013355806
SW993,kitaifa,kitaifa,0.9904771,0.9904771,0.9904771,0.0016515303,0.0058216867,0.0016940007,0.00035577602
SW996,kitaifa,kitaifa,0.99249333,0.99249333,0.99249333,0.0023406192,0.002444578,0.0023314944,0.00039001246
